DateTime,Latitude,Longitude,Depth,Magnitude,MagType,NbStations,Gap,Distance,RMS,Source,EventID,Version
2013-02-02T11:33:53.540+00:00,34.261,24.983,9.4,4.8,mb,,61,,,us,usc000f01m,1359806172651
2013-02-02T11:26:51.700+00:00,36.029,-117.778,2.7,1.7,Ml,,68,,,ci,ci15280481,1359804568647
2013-02-02T11:25:29.000+00:00,59.960,-153.008,5.6,1.1,Ml,,252,,,ak,ak10649379,1359804571677
2013-02-02T11:12:35.200+00:00,37.392,-118.902,3.4,1.2,Md,,230,,,nc,nc71933861,1359804306185
2013-02-02T11:01:14.500+00:00,33.701,-116.718,19.7,1.3,Ml,,36,,,ci,ci15280473,1359803040554
2013-02-02T10:57:55.500+00:00,33.275,-116.783,15.8,1.0,Ml,,50,,,ci,ci15280465,1359802852433
2013-02-02T10:50:04.600+00:00,36.459,-120.472,15.6,3.1,Ml,,47,,,nc,nc71933851,1359803631937
2013-02-02T10:44:45.300+00:00,38.853,-122.824,2.2,1.2,Md,,68,,,nc,nc71933846,1359805568606
2013-02-02T10:43:36.000+00:00,38.779,-122.724,1.8,2.2,Md,,40,,,nc,nc71933831,1359803825230
2013-02-02T10:33:29.300+00:00,35.808,-118.488,0.6,1.6,Ml,,112,,,ci,ci15280441,1359801357201
2013-02-02T10:11:12.600+00:00,38.857,-122.820,1.7,1.1,Md,,83,,,nc,nc71933811,1359801911541
2013-02-02T10:03:45.000+00:00,62.453,-152.149,0.2,2.0,Ml,,94,,,ak,ak10649353,1359799873184
2013-02-02T09:26:49.900+00:00,32.417,-115.618,5.8,2.1,Ml,,313,,,ci,ci15280433,1359797384203
2013-02-02T09:01:19.000+00:00,33.460,-116.455,8.8,1.6,Ml,,58,,,ci,ci15280425,1359795831095
2013-02-02T08:38:08.800+00:00,35.660,-121.095,5.5,1.8,Md,,112,,,nc,nc71933761,1359796030177
2013-02-02T08:03:29.900+00:00,45.843,-122.400,0.1,1.2,Md,,263,,,uw,uw60504276,1359792355614
2013-02-02T07:49:36.000+00:00,64.838,-147.396,11.3,1.0,Ml,,108,,,ak,ak10649335,1359792027639
2013-02-02T07:48:04.000+00:00,64.852,-147.359,14.4,1.2,Ml,,94,,,ak,ak10649329,1359791704253
2013-02-02T07:34:38.000+00:00,63.025,-148.887,99.8,1.8,Ml,,112,,,ak,ak10649321,1359791422848
2013-02-02T07:27:56.800+00:00,38.818,-122.804,3.8,1.6,Md,,32,,,nc,nc71933731,1359793745801
2013-02-02T07:26:48.900+00:00,38.818,-122.804,3.6,2.1,Md,,25,,,nc,nc71933721,1359792012456
2013-02-02T07:21:20.060+00:00,-6.549,130.017,145.0,4.5,mb,,65,,,us,usc000f005,1359792121156
2013-02-02T07:18:16.260+00:00,37.187,-118.174,5.4,1.8,ml,,171,,,nn,nn00401578,1359789637113
2013-02-02T07:03:02.200+00:00,33.234,-116.011,5.8,1.4,Ml,,169,,,ci,ci15280409,1359788756873
2013-02-02T06:53:42.400+00:00,33.629,-117.085,4.3,1.1,Ml,,58,,,ci,ci15280393,1359788180719
2013-02-02T06:47:03.160+00:00,34.983,-84.918,5.0,2.3,mb_Lg,,34,,,us,usc000f006,1359803215436
2013-02-02T06:39:18.000+00:00,60.072,-152.680,103.6,3.7,Ml,,79,,,ak,ak10649289,1359790034828
2013-02-02T06:35:18.400+00:00,33.438,-116.640,11.9,1.7,Ml,,184,,,ci,ci15280377,1359787070696
2013-02-02T06:34:58.100+00:00,38.817,-122.825,2.8,1.2,Md,,54,,,nc,nc71933676,1359788886317
2013-02-02T06:31:58.000+00:00,17.898,-68.457,87.0,2.9,Md,,230,,,pr,pr13033001,1359790500319
2013-02-02T06:26:31.960+00:00,30.877,142.676,32.2,4.8,mb,,36,,,us,usc000ezzr,1359788928904
2013-02-02T05:49:04.000+00:00,64.491,-146.940,3.7,1.5,Ml,,,,,ak,ak10649281,1359784389387
2013-02-02T05:10:01.160+00:00,10.727,-62.278,89.6,4.4,mb,,121,,,us,usc000ezzh,1359787811682
2013-02-02T05:09:38.000+00:00,60.811,-147.836,19.8,2.4,Ml,,133,,,ak,ak10649270,1359782246791
2013-02-02T05:07:51.480+00:00,37.341,-117.115,3.3,1.4,ml,,147,,,nn,nn00401575,1359781800780
2013-02-02T04:45:48.000+00:00,63.031,-149.891,20.1,1.2,Ml,,234,,,ak,ak10649268,1359780944297
2013-02-02T04:41:47.500+00:00,18.040,-67.059,17.0,1.9,Md,,259,,,pr,pr13033000,1359790459148
2013-02-02T04:38:32.000+00:00,66.250,-149.101,15.8,2.4,Ml,,79,,,ak,ak10649264,1359780331542
2013-02-02T04:19:49.400+00:00,37.470,-118.845,9.8,1.2,Md,,184,,,nc,nc71933631,1359781747707
2013-02-02T04:16:20.260+00:00,-11.086,165.174,28.6,5.6,mb,,67,,,us,usc000ezyt,1359787401224
2013-02-02T04:10:48.000+00:00,37.469,-118.848,9.5,1.2,Md,,184,,,nc,nc71933621,1359780129629
2013-02-02T04:04:35.700+00:00,33.388,-116.856,13.0,1.1,Ml,,72,,,ci,ci15280353,1359778047619
2013-02-02T03:56:11.000+00:00,62.303,-148.924,30.8,1.8,Ml,,,,,ak,ak10649248,1359777930797
2013-02-02T03:48:06.420+00:00,-32.562,-71.604,30.2,4.0,mb,,186,,,us,usc000f00n,1359802871277
2013-02-02T03:44:34.310+00:00,34.990,-97.466,13.8,2.8,mb_Lg,,80,,,us,usc000ezyg,1359787397425
2013-02-02T03:39:51.620+00:00,-10.864,165.347,19.8,4.9,mb,,105,,,us,usc000ezyd,1359779433732
2013-02-02T03:39:51.270+00:00,23.735,121.989,22.5,5.1,mb,,45,,,us,usc000ezya,1359777724486
2013-02-02T03:22:56.300+00:00,34.006,-117.168,8.8,1.2,Ml,,65,,,ci,ci15280345,1359775540236
2013-02-02T03:09:41.000+00:00,33.794,-116.077,3.8,1.4,Ml,,108,,,ci,ci15280337,1359774743629
2013-02-02T03:08:38.000+00:00,62.136,-151.701,90.9,1.8,Ml,,187,,,ak,ak10649234,1359774958414
2013-02-02T02:43:05.000+00:00,62.173,-150.812,68.8,2.7,Ml,,61,,,ak,ak10649223,1359773825237
2013-02-02T02:27:52.600+00:00,38.790,-122.736,1.4,1.0,Md,,130,,,nc,nc71933576,1359772172959
2013-02-02T02:17:20.200+00:00,38.816,-122.811,3.5,1.7,Md,,40,,,nc,nc71933566,1359772329750
2013-02-02T02:16:27.900+00:00,33.505,-116.559,15.5,1.2,Ml,,72,,,ci,ci15280313,1359771572232
2013-02-02T02:13:53.000+00:00,61.776,-149.500,16.8,2.2,Ml,,58,,,ak,ak10649209,1359772011926
2013-02-02T02:04:32.000+00:00,63.518,-147.357,5.9,1.5,Ml,,83,,,ak,ak10649203,1359771089776
2013-02-02T01:50:52.300+00:00,38.804,-122.810,1.6,2.2,Md,,79,,,nc,nc71933561,1359800237670
2013-02-02T01:25:01.800+00:00,38.748,-122.715,1.8,1.9,Md,,65,,,nc,nc71933556,1359768402787
2013-02-02T01:20:41.100+00:00,-10.828,165.238,35.2,4.9,Mb,,65,,,us,usc000ezxv,1359771338001
2013-02-02T01:19:36.040+00:00,-6.960,105.401,38.7,5.1,mb,,62,,,us,usc000ezxz,1359770879317
2013-02-02T01:18:26.700+00:00,36.562,-121.102,6.4,1.8,Md,,83,,,nc,nc71933551,1359769689663
2013-02-02T01:15:49.750+00:00,-11.146,165.387,26.9,5.0,mb,,103,,,us,usc000ezxt,1359769491239
2013-02-02T01:09:53.000+00:00,64.776,-147.564,17.0,1.2,Ml,,,,,ak,ak10649184,1359767799645
2013-02-02T00:52:30.800+00:00,38.820,-122.776,1.1,1.1,Md,,101,,,nc,nc71933536,1359766445697
2013-02-02T00:51:29.000+00:00,62.776,-148.941,56.1,1.5,Ml,,104,,,ak,ak10649176,1359767324163
2013-02-02T00:31:22.600+00:00,33.636,-116.734,17.3,1.0,Ml,,83,,,ci,ci15280281,1359765274511
2013-02-02T00:07:16.000+00:00,64.997,-147.436,0.1,1.4,Ml,,97,,,ak,ak10649167,1359764335648
2013-02-01T23:58:08.300+00:00,33.796,-116.079,2.2,1.3,Ml,,104,,,ci,ci15280265,1359763275512
2013-02-01T23:48:36.100+00:00,33.793,-116.075,1.5,1.3,Ml,,108,,,ci,ci15280257,1359762674298
2013-02-01T23:18:46.300+00:00,38.786,-122.727,2.2,1.2,Md,,68,,,nc,nc71933491,1359764529768
2013-02-01T23:16:23.000+00:00,63.932,-148.857,0.2,2.3,Ml,,50,,,ak,ak10649155,1359761010005
2013-02-01T23:16:04.530+00:00,13.787,144.592,153.9,4.4,mb,,73,,,us,usc000ezxg,1359774994087
2013-02-01T22:59:52.000+00:00,63.427,-148.145,135.6,1.4,Ml,,72,,,ak,ak10648994,1359760547378
2013-02-01T22:52:30.200+00:00,33.793,-116.082,1.8,1.1,Ml,,58,,,ci,ci15280241,1359759312533
2013-02-01T22:51:25.800+00:00,38.778,-122.772,1.6,1.2,Md,,86,,,nc,nc71933471,1359760091131
2013-02-01T22:48:12.700+00:00,33.187,-116.472,22.0,1.4,Ml,,133,,,ci,ci15280233,1359759067032
2013-02-01T22:37:48.300+00:00,33.790,-116.069,4.1,1.2,Ml,,108,,,ci,ci15280225,1359758410687
2013-02-01T22:26:30.610+00:00,-11.148,165.339,9.8,4.9,mb,,107,,,us,usc000ezvd,1359764334664
2013-02-01T22:22:59.400+00:00,33.054,-116.438,8.4,1.3,Ml,,140,,,ci,ci15280209,1359757521431
2013-02-01T22:18:35.340+00:00,-11.134,165.361,22.3,5.7,mb,,75,,,us,usc000ezw4,1359769276467
2013-02-01T22:16:36.020+00:00,-10.926,165.450,19.9,6.3,Mww,,29,,,us,usc000ezv6,1359778720587
2013-02-01T22:09:15.300+00:00,33.795,-116.076,5.0,1.3,Ml,,108,,,ci,ci15280193,1359756727254
2013-02-01T22:04:31.700+00:00,33.444,-117.576,20.2,1.9,Ml,,176,,,ci,ci15280185,1359756436658
2013-02-01T22:01:03.100+00:00,37.325,-122.104,0.6,1.8,Md,,50,,,nc,nc71933426,1359757150451
2013-02-01T21:59:22.000+00:00,52.133,-173.450,30.7,1.8,Ml,,198,,,ak,ak10648956,1359770796409
2013-02-01T21:50:23.700+00:00,33.999,-117.200,1.0,1.6,Ml,,108,,,ci,ci15280169,1359755584930
2013-02-01T21:41:23.435+00:00,39.095,-118.152,8.8,1.8,ml,,186,,,nn,nn00401533,1359758980347
2013-02-01T21:25:41.000+00:00,61.758,-148.394,15.9,1.1,Ml,,119,,,ak,ak10648939,1359757195375
2013-02-01T21:22:42.900+00:00,33.728,-116.677,17.6,1.9,Ml,,115,,,ci,ci15280161,1359753906527
2013-02-01T21:11:14.000+00:00,40.441,-121.495,2.5,1.9,Md,,155,,,nc,nc71933381,1359756489151
2013-02-01T21:04:14.900+00:00,39.618,-121.548,,2.3,Md,,169,,,nc,nc71933376,1359772373028
2013-02-01T21:03:50.000+00:00,65.515,-144.520,12.7,4.2,Ml,,187,,,ak,ak10648915,1359764038000
2013-02-01T20:47:40.100+00:00,36.789,-122.081,4.4,2.6,Md,,176,,,nc,nc71933366,1359790080523
2013-02-01T19:59:32.000+00:00,62.194,-148.390,23.8,1.6,Ml,,130,,,ak,ak10648847,1359749361960
2013-02-01T19:59:13.800+00:00,38.799,-122.792,3.5,2.2,Md,,43,,,nc,nc71933311,1359762671144
2013-02-01T19:54:08.400+00:00,37.410,-118.601,11.3,1.5,Md,,86,,,nc,nc71933306,1359749230164
2013-02-01T19:40:23.313+00:00,36.537,-116.461,6.3,1.6,ml,,90,,,nn,nn00401515,1359762814096
2013-02-01T19:33:18.400+00:00,36.178,-118.015,8.8,1.7,Ml,,194,,,ci,ci15280025,1359747370006
2013-02-01T19:32:26.000+00:00,62.032,-149.871,39.7,2.0,Ml,,205,,,ak,ak10648773,1359748123573
2013-02-01T19:23:49.000+00:00,63.217,-149.001,1.5,1.4,Ml,,122,,,ak,ak10648770,1359747031401
2013-02-01T19:22:30.200+00:00,35.647,-120.936,5.5,1.3,Md,,65,,,nc,nc71933281,1359747371540
2013-02-01T19:22:18.200+00:00,33.794,-116.080,2.6,1.6,Ml,,58,,,ci,ci15280017,1359746696984
2013-02-01T18:55:42.600+00:00,33.922,-116.391,7.1,1.5,Ml,,302,,,ci,ci15280009,1359768430871
2013-02-01T18:55:19.000+00:00,61.873,-150.654,34.0,2.0,Ml,,50,,,ak,ak10648751,1359745536621
2013-02-01T18:42:59.000+00:00,62.150,-147.883,39.7,1.5,Ml,,,,,ak,ak10648745,1359744310001
2013-02-01T18:23:06.010+00:00,42.868,142.792,131.0,4.6,mb,,45,,,us,usc000ezq1,1359747701482
2013-02-01T18:13:43.300+00:00,37.407,-118.603,12.2,2.1,Md,,90,,,nc,nc71933226,1359760747417
2013-02-01T18:05:08.200+00:00,33.178,-116.042,5.1,1.4,Ml,,115,,,ci,ci15279993,1359758433346
2013-02-01T18:04:10.270+00:00,-6.843,129.557,156.1,4.4,mb,,62,,,us,usc000ezps,1359745791031
2013-02-01T17:55:34.200+00:00,47.878,-121.655,11.2,1.2,Md,,112,,,uw,uw60504056,1359752603969
2013-02-01T17:41:20.500+00:00,47.710,-120.184,0.6,1.7,Md,,130,,,uw,uw60504041,1359752874489
2013-02-01T17:34:51.900+00:00,33.176,-116.044,3.6,1.3,Ml,,144,,,ci,ci15279985,1359757874593
2013-02-01T17:28:10.000+00:00,63.181,-149.502,75.1,1.1,Ml,,140,,,ak,ak10648718,1359740055624
2013-02-01T17:21:23.850+00:00,-24.077,-66.907,179.5,4.7,mb,,44,,,us,usc000ezp6,1359742303407
2013-02-01T17:08:26.790+00:00,-0.182,123.068,124.9,4.9,mb,,38,,,us,usc000ezp4,1359741756349
2013-02-01T16:56:22.500+00:00,38.754,-122.697,1.6,1.3,Md,,173,,,nc,nc71933176,1359737881434
2013-02-01T16:55:44.900+00:00,38.755,-122.704,1.2,1.2,Md,,137,,,nc,nc71933171,1359738850209
2013-02-01T16:48:22.400+00:00,36.151,-118.076,3.8,1.0,Ml,,90,,,ci,ci15279953,1359757548927
2013-02-01T16:25:19.200+00:00,33.028,-116.428,7.2,1.5,Ml,,94,,,ci,ci15279921,1359755289325
2013-02-01T16:21:50.000+00:00,63.345,-152.014,42.2,2.3,Ml,,101,,,ak,ak10648698,1359736733444
2013-02-01T16:19:24.000+00:00,38.826,-122.855,2.6,1.2,Md,,112,,,nc,nc71933131,1359742693524
2013-02-01T16:00:55.100+00:00,38.811,-122.823,2.4,1.8,Md,,50,,,nc,nc71933121,1359735669074
2013-02-01T16:00:35.000+00:00,35.451,-118.344,5.1,1.1,Ml,,54,,,ci,ci15279873,1359751271198
2013-02-01T15:58:05.100+00:00,37.481,-118.845,10.6,1.7,Md,,119,,,nc,nc71933116,1359736390487
2013-02-01T15:48:52.000+00:00,61.957,-148.937,15.8,1.3,Ml,,169,,,ak,ak10648689,1359733920382
2013-02-01T15:32:48.200+00:00,38.764,-122.609,2.3,1.6,Md,,166,,,nc,nc71933101,1359734767323
2013-02-01T15:29:32.000+00:00,61.705,-150.488,47.2,1.5,Ml,,187,,,ak,ak10648684,1359733015320
2013-02-01T14:51:04.000+00:00,62.302,-151.167,129.6,1.6,Ml,,238,,,ak,ak10648681,1359730654661
2013-02-01T14:41:24.400+00:00,34.050,-117.189,7.0,1.9,Ml,,227,,,ci,ci15279857,1359749181984
2013-02-01T14:29:27.000+00:00,61.747,-151.393,37.9,1.7,Ml,,112,,,ak,ak10648676,1359729142837
2013-02-01T14:13:17.600+00:00,38.815,-122.820,2.9,1.2,Md,,72,,,nc,nc71933056,1359728885958
2013-02-01T14:08:21.100+00:00,19.801,-156.157,36.0,2.6,Ml,,256,,,hv,hv60461836,1359756774558
2013-02-01T14:07:41.624+00:00,38.391,-119.526,7.4,1.6,ml,,234,,,nn,nn00401500,1359760157153
2013-02-01T14:06:48.240+00:00,35.551,139.958,72.0,4.8,mb,,91,,,us,usc000ezlw,1359777075322
2013-02-01T13:49:49.000+00:00,38.814,-122.819,3.0,2.3,Md,,25,,,nc,nc71933026,1359750727966
2013-02-01T13:48:03.400+00:00,38.816,-122.805,2.3,2.2,Md,,25,,,nc,nc71933021,1359745327592
2013-02-01T13:38:06.000+00:00,37.472,-118.847,9.0,1.9,Md,,122,,,nc,nc71933016,1359728710606
2013-02-01T13:28:15.800+00:00,35.667,-121.073,6.8,3.1,Ml,,90,,,nc,nc71933006,1359771817011
2013-02-01T12:25:16.100+00:00,37.973,-122.037,15.1,1.7,Md,,155,,,nc,nc71932976,1359723430523
2013-02-01T12:18:53.000+00:00,59.984,-153.002,3.3,1.6,Ml,,130,,,ak,ak10648656,1359721323623
2013-02-01T11:14:34.400+00:00,38.823,-122.838,1.0,2.0,Md,,25,,,nc,nc71932931,1359743408882
2013-02-01T11:11:18.900+00:00,38.824,-122.837,1.1,2.0,Md,,36,,,nc,nc71932921,1359719948841
2013-02-01T11:04:44.600+00:00,33.564,-116.649,4.5,1.7,Ml,,79,,,ci,ci15279817,1359716846804
2013-02-01T10:55:26.120+00:00,38.497,142.344,50.7,4.4,mb,,141,,,us,usc000ezl2,1359717891367
2013-02-01T10:54:59.800+00:00,35.799,-120.343,8.8,1.4,Md,,79,,,nc,nc71932911,1359718210578
2013-02-01T10:39:46.190+00:00,-26.560,-178.987,368.1,4.7,mb,,44,,,us,usc000ezkv,1359716909385
2013-02-01T10:35:33.200+00:00,35.791,-120.346,10.0,1.5,Md,,54,,,nc,nc71932901,1359716707646
2013-02-01T10:34:01.600+00:00,35.935,-120.497,10.8,1.1,Md,,108,,,nc,nc71932896,1359714944324
2013-02-01T10:22:21.000+00:00,67.757,-143.777,7.5,3.5,Ml,,223,,,ak,ak10648627,1359746037238
2013-02-01T10:06:45.000+00:00,31.863,-116.191,8.4,2.5,Ml,,216,,,ci,ci15279801,1359750919574
2013-02-01T10:05:04.000+00:00,61.829,-149.789,34.3,1.4,Ml,,115,,,ak,ak10648619,1359714112407
2013-02-01T09:58:39.800+00:00,34.162,-116.412,9.2,1.2,Ml,,76,,,ci,ci15279793,1359712908900
2013-02-01T09:40:45.900+00:00,39.126,-123.155,6.2,1.6,Md,,137,,,nc,nc71932881,1359713646797
2013-02-01T08:59:40.800+00:00,38.825,-122.856,2.5,2.2,Md,,29,,,nc,nc71932831,1359748809341
2013-02-01T08:22:40.000+00:00,63.384,-149.810,89.3,1.1,Ml,,148,,,ak,ak10648594,1359707537090
2013-02-01T08:05:35.900+00:00,36.296,-120.802,6.6,2.0,Md,,148,,,nc,nc71932786,1359708311479
2013-02-01T07:47:05.000+00:00,38.813,-122.816,3.1,1.4,Md,,50,,,nc,nc71932781,1359706808611
2013-02-01T07:39:46.030+00:00,48.285,154.697,36.0,4.7,mb,,53,,,us,usc000ezjt,1359707132611
2013-02-01T07:39:37.700+00:00,38.828,-122.855,2.2,1.1,Md,,94,,,nc,nc71932776,1359704479579
2013-02-01T07:20:25.000+00:00,60.026,-153.042,3.7,2.8,Ml,,104,,,ak,ak10648568,1359769751419
2013-02-01T07:19:35.100+00:00,19.355,-155.273,31.1,1.8,Md,,79,,,hv,hv60461781,1359703291361
2013-02-01T07:17:26.000+00:00,59.966,-152.998,5.0,1.1,Ml,,155,,,ak,ak10648567,1359703240888
2013-02-01T07:11:16.200+00:00,32.993,-116.243,8.0,1.6,Ml,,50,,,ci,ci15279777,1359702818521
2013-02-01T06:58:45.900+00:00,38.812,-122.820,2.8,1.2,Md,,83,,,nc,nc71932761,1359703271778
2013-02-01T06:47:57.000+00:00,59.241,-142.739,0.5,3.2,Ml,,205,,,ak,ak10648551,1359702341976
2013-02-01T06:44:06.300+00:00,37.419,-118.926,4.8,1.5,Md,,227,,,nc,nc71932736,1359702971196
2013-02-01T06:33:25.000+00:00,59.331,-152.667,108.0,2.3,Ml,,277,,,ak,ak10648546,1359700817210
2013-02-01T06:32:36.570+00:00,47.481,81.106,16.2,4.5,mb,,51,,,us,usc000ezj6,1359702622137
2013-02-01T06:14:42.000+00:00,62.103,-141.951,9.6,1.9,Ml,,133,,,ak,ak10648543,1359746977338
2013-02-01T06:14:41.000+00:00,61.789,-151.870,141.1,2.0,Ml,,158,,,ak,ak10648539,1359699689784
2013-02-01T06:09:17.900+00:00,37.529,-118.819,7.3,1.0,Md,,151,,,nc,nc71932711,1359699056572
2013-02-01T05:51:04.800+00:00,38.816,-122.818,2.5,1.8,Md,,43,,,nc,nc71932706,1359699850215
2013-02-01T05:44:28.100+00:00,18.184,-67.403,9.0,2.8,Md,,292,,,pr,pr13032000,1359703010997
2013-02-01T05:36:40.930+00:00,-11.090,165.538,9.4,6.0,Mwc,,29,,,us,usc000ezil,1359778631288
2013-02-01T05:30:23.000+00:00,62.146,-152.190,134.4,2.4,Ml,,97,,,ak,ak10648525,1359696855654
2013-02-01T05:12:27.000+00:00,63.238,-150.195,82.5,1.2,Ml,,212,,,ak,ak10648523,1359695731061
2013-02-01T04:53:48.000+00:00,60.010,-152.993,2.5,1.7,Ml,,97,,,ak,ak10648518,1359694829111
2013-02-01T04:51:56.800+00:00,33.696,-116.822,17.8,1.3,Ml,,43,,,ci,ci15279737,1359694486696
2013-02-01T04:38:14.700+00:00,36.469,-120.985,6.4,1.0,Md,,86,,,nc,nc71932686,1359774963048
2013-02-01T04:36:44.000+00:00,60.010,-152.992,2.7,1.9,Ml,,97,,,ak,ak10648510,1359693804921
2013-02-01T04:17:41.600+00:00,36.468,-120.991,6.9,1.1,Md,,86,,,nc,nc71069509,1359747869879
2013-02-01T04:17:17.400+00:00,35.486,-118.294,3.3,1.4,Ml,,101,,,ci,ci15279729,1359692412545
2013-02-01T04:08:37.200+00:00,38.814,-122.805,2.3,1.2,Md,,76,,,nc,nc71932671,1359693733376
2013-02-01T04:05:54.900+00:00,36.399,-117.841,1.0,1.4,Ml,,86,,,ci,ci15279721,1359758846579
2013-02-01T04:01:10.000+00:00,59.938,-152.861,95.5,1.5,Ml,,241,,,ak,ak10648500,1359745318372
2013-02-01T03:59:19.900+00:00,35.818,-117.692,7.6,1.2,Ml,,47,,,ci,ci15279713,1359758560998
2013-02-01T03:36:37.000+00:00,59.999,-153.050,6.5,2.6,Ml,,101,,,ak,ak10648490,1359691758510
2013-02-01T03:33:26.000+00:00,60.016,-152.911,0.1,2.8,Ml,,97,,,ak,ak10648484,1359689894500
2013-02-01T03:22:31.000+00:00,63.453,-150.871,13.4,1.4,Ml,,101,,,ak,ak10648481,1359689694692
2013-02-01T03:15:33.000+00:00,61.379,-151.481,89.9,2.0,Ml,,104,,,ak,ak10648474,1359689117954
2013-02-01T03:15:28.500+00:00,38.809,-122.814,2.1,1.5,Md,,101,,,nc,nc71932646,1359689650436
2013-02-01T03:06:38.400+00:00,48.009,-122.732,13.1,1.0,Md,,270,,,uw,uw60503811,1359753610907
2013-02-01T02:49:57.900+00:00,38.793,-122.780,4.0,1.7,Md,,40,,,nc,nc71932631,1359687097948
2013-02-01T02:33:43.000+00:00,59.230,-152.309,42.6,2.0,Ml,,187,,,ak,ak10648463,1359686194189
2013-02-01T02:17:27.390+00:00,-6.951,147.667,34.8,5.9,Mwp,,55,,,us,usc000ezhu,1359778418947
2013-02-01T02:11:37.500+00:00,48.017,-122.791,17.6,1.8,Ml,,112,,,uw,uw60503806,1359754006691
2013-02-01T02:09:43.700+00:00,36.013,-120.575,4.7,1.4,Md,,79,,,nc,nc71932621,1359772685453
2013-02-01T02:09:40.000+00:00,65.018,-149.031,17.7,1.1,Ml,,169,,,ak,ak10648446,1359684965785
2013-02-01T01:59:01.000+00:00,62.811,-147.823,42.4,1.8,Ml,,112,,,ak,ak10648440,1359684360106
2013-02-01T01:51:19.000+00:00,60.053,-152.249,26.1,1.3,Ml,,212,,,ak,ak10648436,1359683646230
2013-02-01T01:49:13.330+00:00,-10.985,165.476,29.8,4.9,mb,,76,,,us,usc000ezhs,1359698593985
2013-02-01T01:39:30.000+00:00,61.850,-149.863,35.2,1.4,Ml,,119,,,ak,ak10648427,1359683345768
2013-02-01T01:26:37.000+00:00,63.501,-146.349,9.8,1.1,Ml,,122,,,ak,ak10648416,1359682822169
2013-02-01T01:13:18.000+00:00,36.307,-120.859,7.7,1.4,Md,,86,,,nc,nc71932596,1359771187559
2013-02-01T00:51:17.000+00:00,62.281,-148.814,33.3,1.0,Ml,,187,,,ak,ak10648396,1359680184191
2013-02-01T00:42:59.720+00:00,-11.056,165.481,9.9,4.8,mb,,80,,,us,usc000ezhk,1359680732191
2013-02-01T00:38:58.000+00:00,62.165,-147.544,30.4,1.3,Ml,,176,,,ak,ak10648387,1359679322084
2013-02-01T00:18:08.470+00:00,-11.034,165.334,10.7,5.1,mb,,88,,,us,usc000ezhb,1359739309198
2013-02-01T00:12:09.700+00:00,32.542,-116.778,,1.6,Ml,,140,,,ci,ci15279681,1359753974246
2013-02-01T00:09:20.000+00:00,65.039,-147.432,,1.4,Ml,,209,,,ak,ak10648364,1359677888560
2013-02-01T00:03:31.000+00:00,35.659,-121.079,9.3,1.0,Md,,94,,,nc,nc71932551,1359681995414
2013-01-31T23:57:00.921+00:00,-10.990,165.478,10.0,4.6,mb,,103,,,us,us2013lbbf,1359682363418
2013-01-31T23:40:36.000+00:00,60.325,-150.939,41.3,2.8,Ml,,72,,,ak,ak10648345,1359676074387
2013-01-31T23:09:38.300+00:00,47.691,-120.060,7.1,1.5,Md,,137,,,uw,uw60503756,1359674256257
2013-01-31T23:08:04.300+00:00,39.129,-121.874,1.2,1.5,Md,,180,,,nc,nc71932521,1359688177585
2013-01-31T22:59:43.900+00:00,39.122,-121.894,0.9,1.6,Md,,266,,,nc,nc71932511,1359689049275
2013-01-31T22:52:18.600+00:00,39.201,-121.836,0.8,1.2,Md,,140,,,nc,nc71932501,1359691148308
2013-01-31T22:47:34.000+00:00,36.433,-120.818,11.8,1.7,Md,,112,,,nc,nc71932496,1359682210832
2013-01-31T22:43:37.000+00:00,62.074,-145.384,19.0,1.8,Ml,,173,,,ak,ak10648140,1359672658783
2013-01-31T22:22:51.000+00:00,19.625,-65.516,52.0,3.2,Md,,292,,,pr,pr13031001,1359685659527
2013-01-31T22:13:34.000+00:00,63.089,-151.474,7.2,1.4,Ml,,133,,,ak,ak10648118,1359670598541
2013-01-31T21:46:42.200+00:00,39.173,-121.848,0.9,1.6,Md,,266,,,nc,nc71932456,1359688448080
2013-01-31T21:43:57.500+00:00,33.366,-116.821,5.8,1.2,Ml,,148,,,ci,ci15279657,1359672086417
2013-01-31T21:25:23.800+00:00,39.161,-121.856,0.8,1.7,Md,,274,,,nc,nc71932441,1359687846910
2013-01-31T21:22:23.000+00:00,61.555,-146.341,25.8,1.5,Ml,,115,,,ak,ak10648081,1359667486974
2013-01-31T21:20:33.930+00:00,31.872,-94.397,5.5,2.7,mb_Lg,,160,,,us,usc000ezjq,1359759933467
2013-01-31T21:18:31.000+00:00,63.094,-150.667,106.2,1.4,Ml,,169,,,ak,ak10648065,1359667289746
2013-01-31T21:15:13.900+00:00,45.720,-121.396,,1.1,Md,,187,,,uw,uw60503681,1359747463108
2013-01-31T21:10:39.000+00:00,63.207,-150.765,130.1,1.4,Ml,,130,,,ak,ak10648057,1359667622176
2013-01-31T21:00:46.800+00:00,34.280,-119.062,5.1,1.5,Ml,,115,,,ci,ci15279625,1359695829814
2013-01-31T20:59:12.600+00:00,35.919,-117.176,2.9,1.1,Ml,,108,,,ci,ci15279633,1359668764684
2013-01-31T20:37:22.100+00:00,39.162,-121.859,0.8,1.5,Md,,274,,,nc,nc71932431,1359689414973
2013-01-31T20:31:09.000+00:00,64.670,-146.907,10.1,1.0,Ml,,144,,,ak,ak10648034,1359664594626
2013-01-31T20:31:01.010+00:00,14.375,92.854,27.2,4.4,mb,,109,,,us,usc000ezb1,1359670772562
2013-01-31T20:21:27.800+00:00,39.141,-121.858,0.7,1.3,Md,,209,,,nc,nc71932421,1359685677659
2013-01-31T20:21:26.400+00:00,32.035,-114.979,7.0,2.9,Ml,,166,,,ci,ci15279617,1359670362513
2013-01-31T20:19:10.000+00:00,62.189,-145.503,10.0,1.7,Ml,,137,,,ak,ak10648023,1359664072986
2013-01-31T20:18:43.800+00:00,39.151,-121.871,1.3,1.3,Md,,277,,,nc,nc71932416,1359686649600
2013-01-31T20:13:01.305+00:00,37.397,-116.926,12.2,1.3,ml,,212,,,nn,nn00401418,1359673384520
2013-01-31T19:59:34.200+00:00,38.835,-122.783,2.4,1.4,Md,,47,,,nc,nc71932391,1359663612135
2013-01-31T19:46:23.600+00:00,39.186,-121.844,0.8,1.2,Md,,169,,,nc,nc71932376,1359685256846
2013-01-31T19:45:41.520+00:00,26.442,126.374,103.7,4.5,mb,,158,,,us,usc000eza2,1359670759909
2013-01-31T19:37:01.300+00:00,39.182,-121.842,1.0,1.4,Md,,166,,,nc,nc71932371,1359685041425
2013-01-31T19:34:40.700+00:00,40.918,-122.393,9.6,1.7,Md,,101,,,nc,nc71932361,1359684800945
2013-01-31T19:27:56.000+00:00,61.325,-151.586,113.4,2.2,Ml,,50,,,ak,ak10647994,1359661198689
2013-01-31T19:06:55.800+00:00,39.158,-121.859,1.3,1.4,Md,,274,,,nc,nc71932356,1359687671568
2013-01-31T18:22:30.000+00:00,62.755,-150.508,72.8,1.8,Ml,,72,,,ak,ak10647965,1359656795536
2013-01-31T17:58:32.000+00:00,44.243,-110.778,3.1,1.3,Md,,119,,,uu,uu60012002,1359738689149
2013-01-31T17:47:35.000+00:00,59.923,-153.376,129.6,2.2,Ml,,202,,,ak,ak10647954,1359666705115
2013-01-31T17:23:32.300+00:00,33.308,-116.182,8.4,1.2,Ml,,104,,,ci,ci15279569,1359666670472
2013-01-31T17:14:12.460+00:00,13.922,120.711,213.8,4.8,mb,,59,,,us,usc000ez8e,1359669329480
2013-01-31T17:09:59.650+00:00,-9.039,-108.569,10.0,4.9,mb,,108,,,us,usc000ez8d,1359665173960
2013-01-31T17:08:28.500+00:00,39.156,-121.867,0.8,1.3,Md,,277,,,nc,nc71932306,1359684188773
2013-01-31T16:32:14.000+00:00,57.971,-154.545,57.2,2.4,Ml,,115,,,ak,ak10647928,1359650374337
2013-01-31T16:04:47.300+00:00,35.983,139.746,47.7,4.9,mb,,50,,,us,usc000ez7y,1359733789801
2013-01-31T15:40:12.700+00:00,32.753,-115.445,8.4,1.6,Ml,,180,,,ci,ci15279529,1359665583264
2013-01-31T15:15:46.100+00:00,35.717,-121.087,7.6,2.1,Md,,54,,,nc,nc71932266,1359655932429
2013-01-31T15:08:07.000+00:00,35.989,-120.555,3.8,1.1,Md,,61,,,nc,nc71932256,1359669821309
2013-01-31T14:54:15.000+00:00,32.913,-116.233,10.1,1.6,Ml,,72,,,ci,ci15279521,1359665272630
2013-01-31T14:53:41.920+00:00,36.768,140.490,10.1,4.8,mb,,128,,,us,usc000ez7n,1359708728901
2013-01-31T14:35:56.301+00:00,37.379,-117.137,8.9,1.1,ml,,230,,,nn,nn00401372,1359660604867
2013-01-31T14:26:12.000+00:00,51.952,-174.613,25.2,1.5,Ml,,220,,,ak,ak10647983,1359659580791
2013-01-31T14:24:09.400+00:00,36.202,-89.504,5.3,1.7,Md,,36,,,nm,nm013113a,1359644958913
2013-01-31T14:10:35.900+00:00,33.887,-115.992,5.1,1.4,Ml,,122,,,ci,ci15279513,1359664300656
2013-01-31T14:00:27.000+00:00,63.275,-151.361,8.5,2.3,Ml,,76,,,ak,ak10647898,1359665909209
2013-01-31T13:46:13.600+00:00,37.536,-118.866,9.0,1.2,Md,,97,,,nc,nc71932216,1359673692455
2013-01-31T13:43:35.000+00:00,61.967,-145.052,8.4,2.1,Ml,,187,,,ak,ak10647889,1359640558388
2013-01-31T13:06:50.287+00:00,37.394,-117.198,27.6,1.3,ml,,296,,,nn,nn00401361,1359748611784
2013-01-31T13:04:13.083+00:00,37.349,-117.135,12.0,1.0,ml,,171,,,nn,nn00401360,1359655869065
2013-01-31T12:46:56.000+00:00,35.493,-120.794,8.7,1.5,Md,,133,,,nc,nc71932186,1359670150591
2013-01-31T12:43:54.000+00:00,61.956,-142.268,46.4,1.9,Ml,,266,,,ak,ak10647877,1359665637845
2013-01-31T12:24:38.000+00:00,64.670,-149.356,18.8,1.2,Ml,,115,,,ak,ak10647873,1359635414275
2013-01-31T12:10:50.110+00:00,-4.487,138.273,84.1,4.6,mb,,128,,,us,usc000ez6v,1359637240701
2013-01-31T12:00:39.000+00:00,64.181,-150.942,10.3,1.3,Ml,,151,,,ak,ak10647869,1359633901490
2013-01-31T11:53:57.900+00:00,37.317,-122.155,8.0,1.9,Md,,76,,,nc,nc71932176,1359670963595
2013-01-31T11:45:58.000+00:00,62.368,-150.031,13.5,1.7,Ml,,72,,,ak,ak10647865,1359633076605
2013-01-31T11:41:59.700+00:00,38.788,-122.763,1.2,1.4,Md,,61,,,nc,nc71932171,1359634511396
2013-01-31T11:00:39.004+00:00,37.369,-117.139,7.8,1.7,ml,,134,,,nn,nn00401354,1359660815554
2013-01-31T10:44:39.000+00:00,64.948,-147.634,11.1,1.0,Ml,,115,,,ak,ak10647856,1359629164338
2013-01-31T10:40:19.100+00:00,39.014,-123.462,5.2,1.3,Md,,104,,,nc,nc71932166,1359664869577
2013-01-31T10:31:22.500+00:00,38.848,-122.823,1.8,1.0,Md,,72,,,nc,nc71932161,1359628381398
2013-01-31T10:25:04.000+00:00,63.004,-150.675,128.2,2.5,Ml,,50,,,ak,ak10647843,1359628630653
2013-01-31T10:20:04.740+00:00,-1.763,-12.957,10.0,4.8,mb,,57,,,us,usc000ez5u,1359629861263
2013-01-31T09:53:43.910+00:00,55.584,-134.745,9.7,6.0,Mwb,,65,,,us,usc000ez52,1359802917755
2013-01-31T09:38:20.100+00:00,38.815,-122.818,3.3,1.1,Md,,54,,,nc,nc71932151,1359627127223
2013-01-31T09:28:41.500+00:00,33.223,-115.626,5.7,1.6,Ml,,306,,,ci,ci15279425,1359662902831
2013-01-31T09:24:49.000+00:00,54.646,-160.993,25.7,2.1,Ml,,256,,,ak,ak10647825,1359665110283
2013-01-31T09:23:38.600+00:00,44.809,-110.978,10.4,1.1,Ml,,115,,,uu,uu60011967,1359653969542
2013-01-31T09:12:06.000+00:00,64.616,-133.944,10.0,3.0,Ml,,184,,,ak,ak10647824,1359664876957
2013-01-31T09:08:07.000+00:00,36.560,-121.075,8.9,2.0,Md,,65,,,nc,nc71932131,1359659589398
2013-01-31T08:55:45.000+00:00,59.759,-152.266,47.3,1.9,Ml,,205,,,ak,ak10647818,1359622947718
2013-01-31T08:27:28.880+00:00,-7.271,144.084,33.3,4.3,mb,,141,,,us,usc000ez4g,1359623430644
2013-01-31T08:22:20.900+00:00,19.766,-155.444,27.7,2.4,Md,,83,,,hv,hv60461566,1359620662989
2013-01-31T08:20:19.000+00:00,44.816,-110.979,12.5,1.7,Ml,,68,,,uu,uu60011957,1359652429353
2013-01-31T08:06:33.600+00:00,33.391,-116.845,7.1,2.8,Ml,,50,,,ci,ci15279417,1359677863546
2013-01-31T08:04:08.800+00:00,39.864,19.747,10.0,4.5,mb,,69,,,us,usc000ez43,1359657589393
2013-01-31T08:04:05.000+00:00,38.748,-122.692,1.6,1.0,Md,,209,,,nc,nc71932111,1359619547013
2013-01-31T08:02:10.800+00:00,38.748,-122.709,2.4,1.8,Md,,97,,,nc,nc71932106,1359622628491
2013-01-31T07:56:41.200+00:00,37.495,-121.808,8.3,1.2,Md,,79,,,nc,nc71932101,1359674649281
2013-01-31T07:54:37.400+00:00,44.821,-110.984,10.9,1.2,Ml,,86,,,uu,uu60011947,1359651259215
2013-01-31T07:22:09.600+00:00,44.809,-110.972,12.1,1.6,Ml,,115,,,uu,uu60011942,1359650454110
2013-01-31T07:01:31.000+00:00,63.530,-147.310,,1.5,Ml,,86,,,ak,ak10647796,1359616079187
2013-01-31T06:57:54.000+00:00,63.794,-150.300,,1.6,Ml,,68,,,ak,ak10647794,1359615767756
2013-01-31T06:50:16.750+00:00,-10.418,166.251,35.0,4.9,mb,,51,,,us,usc000ez3n,1359619151306
2013-01-31T06:46:41.000+00:00,60.773,-151.142,54.5,1.9,Ml,,79,,,ak,ak10647788,1359615191150
2013-01-31T06:42:10.690+00:00,-10.713,166.386,35.2,5.1,mb,,41,,,us,usc000ez35,1359616846399
2013-01-31T05:50:07.000+00:00,60.631,-147.398,7.1,2.0,Ml,,241,,,ak,ak10647778,1359611922288
2013-01-31T05:25:50.300+00:00,32.465,-115.561,17.1,1.8,Ml,,115,,,ci,ci15279385,1359659490964
2013-01-31T05:18:14.830+00:00,-10.567,166.447,45.7,5.4,mb,,33,,,us,usc000ez22,1359615130714
2013-01-31T05:16:58.290+00:00,-10.503,166.201,25.0,5.0,mb,,113,,,us,usc000ez2t,1359614236981
2013-01-31T05:12:51.000+00:00,65.795,-151.112,0.5,2.0,Ml,,104,,,ak,ak10647752,1359609503429
2013-01-31T05:10:52.820+00:00,-28.053,-70.927,46.1,4.6,mb,,141,,,us,usc000ez1s,1359610596646
2013-01-31T04:59:38.500+00:00,32.688,-115.817,8.7,1.3,Ml,,169,,,ci,ci15279369,1359658769525
2013-01-31T04:35:05.000+00:00,60.183,-151.274,60.7,2.6,Ml,,101,,,ak,ak10647740,1359607585311
2013-01-31T04:31:33.410+00:00,-10.934,165.418,32.9,5.6,mb,,97,,,us,usc000ez19,1359611660270
2013-01-31T04:28:51.400+00:00,37.458,-118.633,18.2,1.9,Md,,54,,,nc,nc71932011,1359670150589
2013-01-31T04:28:38.100+00:00,37.465,-118.631,16.8,1.3,Md,,83,,,nc,nc71932016,1359671648492
2013-01-31T04:15:55.660+00:00,-27.878,-70.941,26.8,4.5,mb,,136,,,us,usc000ez14,1359607293288
2013-01-31T04:10:46.410+00:00,-4.613,102.515,51.7,5.0,mb,,64,,,us,usc000ez13,1359621594363
2013-01-31T04:01:13.000+00:00,46.285,-122.208,5.0,2.6,Ml,,61,,,uw,uw60503441,1359758136885
2013-01-31T03:58:00.400+00:00,-10.680,166.391,35.1,5.6,mb,,51,,,us,usc000ez11,1359610341127
2013-01-31T03:33:43.870+00:00,-10.628,166.382,9.2,6.2,Mwp,,24,,,us,usc000ez0w,1359778691056
2013-01-31T03:28:39.400+00:00,37.988,-122.054,15.5,1.5,Md,,108,,,nc,nc71931996,1359681067771
2013-01-31T03:11:27.200+00:00,38.817,-122.824,2.8,1.4,Md,,47,,,nc,nc71931981,1359605290200
2013-01-31T02:57:32.100+00:00,37.990,-122.056,15.9,1.8,Md,,94,,,nc,nc71931976,1359682926365
2013-01-31T02:45:00.150+00:00,-28.504,-67.365,117.7,4.8,mb,,80,,,us,usc000eyzc,1359601587213
2013-01-31T02:26:20.980+00:00,49.877,150.751,355.5,4.3,mb,,141,,,us,usc000eyyd,1359600670970
2013-01-31T02:12:13.300+00:00,37.486,-118.838,7.3,1.6,Md,,115,,,nc,nc71931951,1359672550244
2013-01-31T02:11:54.800+00:00,38.830,-122.799,2.7,1.2,Md,,32,,,nc,nc71931956,1359684369151
2013-01-31T02:10:16.200+00:00,34.153,-116.426,11.0,1.3,Ml,,58,,,ci,ci15279329,1359659651291
2013-01-31T01:59:59.000+00:00,61.763,-149.987,28.4,2.1,Ml,,94,,,ak,ak10647683,1359598014106
2013-01-31T01:59:37.000+00:00,63.634,-150.792,6.6,1.7,Ml,,122,,,ak,ak10647685,1359598014120
2013-01-31T01:49:36.800+00:00,19.335,-155.085,6.4,2.3,Ml,,169,,,hv,hv60461446,1359597324178
2013-01-31T01:48:18.000+00:00,60.371,-152.835,119.7,2.7,Ml,,151,,,ak,ak10647670,1359597389444
2013-01-31T01:38:24.000+00:00,63.933,-148.847,,2.3,Ml,,50,,,ak,ak10647656,1359596992919
2013-01-31T01:33:44.200+00:00,37.880,-113.202,8.4,1.1,Md,,76,,,uu,uu60011917,1359648883926
2013-01-31T01:28:10.600+00:00,37.629,-118.872,9.0,1.2,Md,,50,,,nc,nc71931896,1359677825447
2013-01-31T01:17:11.000+00:00,36.600,-121.199,2.9,2.3,Md,,40,,,nc,nc71931866,1359663131164
2013-01-31T01:12:08.300+00:00,18.890,-64.453,38.0,2.9,Md,,324,,,pr,pr13031000,1359616561353
2013-01-31T01:05:33.000+00:00,61.234,-150.816,42.5,2.2,Ml,,61,,,ak,ak10647628,1359594726930
2013-01-31T01:03:17.200+00:00,45.920,-122.409,7.6,3.7,Ml,,32,,,uw,uw60503391,1359755926922
2013-01-31T00:56:25.208+00:00,40.574,-119.475,4.0,1.5,ml,,273,,,nn,nn00401320,1359747284219
2013-01-31T00:31:43.100+00:00,35.028,-117.675,,1.6,Ml,,72,,,ci,ci15279313,1359594034006
2013-01-31T00:27:50.000+00:00,62.761,-149.149,85.1,1.5,Ml,,122,,,ak,ak10647608,1359592477729
2013-01-31T00:24:21.000+00:00,62.191,-148.074,29.6,1.5,Ml,,115,,,ak,ak10647607,1359592777085
2013-01-31T00:22:38.800+00:00,38.822,-122.765,1.1,1.2,Md,,50,,,nc,nc71931831,1359593108812
2013-01-31T00:18:55.200+00:00,33.887,-115.987,5.1,1.1,Ml,,122,,,ci,ci15279305,1359594069080
2013-01-31T00:17:00.000+00:00,65.044,-147.353,14.7,1.4,Ml,,97,,,ak,ak10647600,1359591601655
2013-01-31T00:14:11.400+00:00,38.839,-122.838,2.8,1.5,Md,,47,,,nc,nc71931826,1359592392399
2013-01-30T23:59:37.000+00:00,63.325,-145.321,8.7,1.4,Ml,,79,,,ak,ak10647586,1359759984205
2013-01-30T23:53:54.160+00:00,-10.565,166.438,15.0,4.6,mb,,87,,,us,usc000eyvv,1359591545091
2013-01-30T23:34:30.340+00:00,-16.011,-74.815,26.3,4.7,mb,,151,,,us,usc000eyvb,1359590471384
2013-01-30T23:28:42.000+00:00,38.837,-122.784,2.0,1.0,Md,,68,,,nc,nc71931806,1359588621925
2013-01-30T23:28:12.800+00:00,38.836,-122.784,2.0,1.4,Md,,65,,,nc,nc71931801,1359589386661
2013-01-30T23:09:36.000+00:00,63.216,-150.816,125.4,1.4,Ml,,151,,,ak,ak10649070,1359759984675
2013-01-30T23:03:45.040+00:00,-10.518,166.486,10.0,6.0,Mwp,,49,,,us,usc000eyur,1359778660700
2013-01-30T22:56:59.000+00:00,63.076,-151.543,13.4,1.3,Ml,,86,,,ak,ak10647444,1359759984194
2013-01-30T22:39:51.000+00:00,62.469,-149.549,59.9,1.2,Ml,,94,,,ak,ak10647439,1359759984183
2013-01-30T22:34:17.000+00:00,51.511,-178.140,13.4,2.8,Ml,,194,,,ak,ak10647437,1359759984217
2013-01-30T22:27:20.000+00:00,62.118,-150.294,44.9,1.7,Ml,,50,,,ak,ak10647430,1359759984159
2013-01-30T22:15:05.000+00:00,63.550,-151.038,8.6,1.0,Ml,,94,,,ak,ak10649065,1359759984662
2013-01-30T22:11:35.500+00:00,38.846,-122.827,2.3,1.8,Md,,50,,,nc,nc71931781,1359584032864
2013-01-30T21:46:56.000+00:00,63.516,-147.458,7.1,1.1,Ml,,58,,,ak,ak10647414,1359759984145
2013-01-30T21:43:53.000+00:00,32.769,-116.575,17.8,1.1,Ml,,119,,,ci,ci15279257,1359658088143
2013-01-30T21:33:17.000+00:00,62.056,-145.114,15.3,1.8,Ml,,126,,,ak,ak10647408,1359759984131
2013-01-30T21:24:50.000+00:00,63.086,-149.556,92.4,1.2,Ml,,94,,,ak,ak10649060,1359759984631
2013-01-30T21:14:01.100+00:00,33.779,-116.155,9.0,1.0,Ml,,83,,,ci,ci15279249,1359657276503
2013-01-30T21:09:59.000+00:00,59.149,-152.617,62.9,2.8,Ml,,115,,,ak,ak10647255,1359760136122
2013-01-30T21:05:36.000+00:00,38.816,-122.819,2.1,2.0,Md,,54,,,nc,nc71931736,1359581952367
2013-01-30T20:51:03.000+00:00,63.938,-148.801,102.0,1.3,Ml,,140,,,ak,ak10649058,1359759984619
2013-01-30T20:44:29.000+00:00,63.521,-149.039,88.9,1.4,Ml,,108,,,ak,ak10649057,1359759984605
2013-01-30T20:20:35.000+00:00,63.524,-147.327,3.9,2.2,Ml,,50,,,ak,ak10647235,1359759984107
2013-01-30T20:15:42.950+00:00,-28.180,-70.785,42.7,6.8,Mww,,26,,,us,usc000eyp3,1359778817504
2013-01-30T20:13:57.000+00:00,51.576,-178.443,16.3,2.2,Ml,,187,,,ak,ak10647233,1359759984565
2013-01-30T20:10:00.000+00:00,61.110,-151.705,83.7,1.8,Ml,,94,,,ak,ak10649054,1359759984594
2013-01-30T20:07:39.400+00:00,19.371,-68.489,71.0,3.8,Md,,238,,,pr,pr13030004,1359663090752
2013-01-30T20:02:04.670+00:00,-23.551,-179.968,562.0,4.6,mb,,122,,,us,usc000eynp,1359655941006
2013-01-30T19:52:09.900+00:00,31.636,-114.467,10.0,3.3,Ml,,212,,,ci,ci15279217,1359655568413
2013-01-30T19:36:00.400+00:00,37.331,-122.133,7.5,1.3,Md,,108,,,nc,nc71931706,1359676337489
2013-01-30T19:33:45.000+00:00,37.999,-122.450,2.2,1.1,Md,,140,,,nc,nc71931691,1359678593738
2013-01-30T19:32:32.000+00:00,62.931,-150.458,106.6,1.5,Ml,,83,,,ak,ak10649053,1359759984581
2013-01-30T19:28:02.000+00:00,64.177,-149.033,1.0,1.1,Ml,,72,,,ak,ak10647216,1359759984096
2013-01-30T19:27:02.000+00:00,52.883,-169.590,5.5,2.6,Ml,,338,,,ak,ak10649051,1359759984552
2013-01-30T19:24:15.000+00:00,52.002,179.520,184.0,3.1,Ml,,180,,,ak,ak10649050,1359759984541
2013-01-30T19:21:45.600+00:00,36.032,-120.607,,1.2,Md,,97,,,nc,nc71931686,1359602409631
2013-01-30T19:20:25.500+00:00,38.837,-122.831,2.5,1.3,Md,,58,,,nc,nc71931681,1359575109245
2013-01-30T19:17:56.200+00:00,38.835,-122.831,2.4,1.7,Md,,47,,,nc,nc71931676,1359574387854
2013-01-30T19:10:15.000+00:00,38.827,-122.856,2.7,1.0,Md,,61,,,nc,nc71931671,1359573114259
2013-01-30T18:57:51.900+00:00,37.321,-122.106,,1.2,Md,,104,,,nc,nc71931661,1359583967725
2013-01-30T18:51:39.000+00:00,33.008,-116.314,12.4,1.9,Ml,,58,,,ci,ci15279201,1359612822974
2013-01-30T18:47:08.000+00:00,63.362,-149.865,109.2,1.3,Ml,,104,,,ak,ak10649048,1359759984515
2013-01-30T18:05:52.000+00:00,53.554,-167.131,14.7,1.8,Ml,,184,,,ak,ak10649047,1359759984503
2013-01-30T17:57:18.000+00:00,61.328,-151.903,95.3,1.8,Ml,,58,,,ak,ak10649046,1359759984492
2013-01-30T17:52:44.700+00:00,34.156,-116.426,11.2,1.3,Ml,,58,,,ci,ci15279129,1359579424476
2013-01-30T17:48:26.000+00:00,52.406,-168.985,19.9,2.5,Ml,,324,,,ak,ak10649045,1359759984478
2013-01-30T17:47:48.594+00:00,38.450,-119.308,6.1,1.2,ml,,165,,,nn,nn00401263,1359569623315
2013-01-30T17:32:55.880+00:00,36.646,96.550,13.7,4.7,mb,,53,,,us,usc000eyit,1359654640629
2013-01-30T17:30:36.300+00:00,34.154,-116.429,11.7,1.3,Ml,,58,,,ci,ci15279033,1359647880298
2013-01-30T17:29:27.500+00:00,37.638,-119.373,14.3,1.2,Md,,140,,,nc,nc71931606,1359585068399
2013-01-30T17:24:25.000+00:00,55.810,-135.028,20.0,2.1,Ml,,245,,,ak,ak10649044,1359759984466
2013-01-30T17:04:35.300+00:00,41.064,-120.817,5.9,1.7,Md,,266,,,nc,nc71933211,1359742326840
2013-01-30T16:52:12.000+00:00,62.072,-145.267,23.8,2.3,Ml,,43,,,ak,ak10647157,1359759984085
2013-01-30T16:48:44.000+00:00,37.651,-119.372,6.9,1.1,Md,,151,,,nc,nc71932346,1359657406828
2013-01-30T16:39:18.100+00:00,37.617,-119.374,8.4,1.1,Md,,140,,,nc,nc71931581,1359656745517
2013-01-30T16:36:59.800+00:00,38.843,-122.832,2.4,1.1,Md,,54,,,nc,nc71931571,1359563915871
2013-01-30T16:36:59.700+00:00,18.431,-64.068,37.0,2.8,Md,,346,,,pr,pr13030003,1359575394801
2013-01-30T16:35:21.900+00:00,36.554,-121.074,7.0,1.2,Md,,94,,,nc,nc71931576,1359586270659
2013-01-30T16:30:00.600+00:00,33.984,-117.175,12.6,1.0,Ml,,79,,,ci,ci15279017,1359577680956
2013-01-30T15:59:30.000+00:00,63.324,-151.054,16.5,1.0,Ml,,112,,,ak,ak10647151,1359759984415
2013-01-30T15:54:25.700+00:00,19.978,-155.414,8.0,1.7,Md,,209,,,hv,hv60461226,1359564979537
2013-01-30T15:52:11.000+00:00,60.948,-146.992,22.2,1.6,Ml,,61,,,ak,ak10647147,1359759984394
2013-01-30T15:42:36.000+00:00,61.493,-149.860,51.5,2.1,Ml,,86,,,ak,ak10647140,1359759984070
2013-01-30T15:38:07.000+00:00,38.831,-122.757,1.0,2.1,Md,,47,,,nc,nc71931541,1359571392112
2013-01-30T15:34:23.366+00:00,10.574,126.957,37.3,4.7,mb,,119,,,us,us2013laap,1359565803158
2013-01-30T15:27:39.000+00:00,51.597,-178.465,13.4,2.3,Ml,,184,,,ak,ak10647137,1359759984381
2013-01-30T15:20:16.100+00:00,38.824,-122.761,1.0,1.6,Md,,50,,,nc,nc71931506,1359560771675
2013-01-30T15:18:48.000+00:00,61.680,-148.188,16.7,1.1,Ml,,108,,,ak,ak10647129,1359759984057
2013-01-30T15:18:33.300+00:00,38.826,-122.762,1.1,1.1,Md,,54,,,nc,nc71931501,1359560050269
2013-01-30T15:17:15.200+00:00,38.826,-122.760,1.5,2.9,Md,,32,,,nc,nc71931491,1359609589290
2013-01-30T15:14:00.500+00:00,34.176,-117.276,3.6,2.0,Ml,,32,,,ci,ci15279009,1359577310202
2013-01-30T15:05:14.242+00:00,62.476,-124.483,5.0,4.2,mb,,61,,,us,us2013laan,1359565312505
2013-01-30T14:56:03.900+00:00,36.681,-121.311,4.4,1.2,Md,,54,,,nc,nc71931481,1359670818305
2013-01-30T14:54:31.000+00:00,51.279,-179.654,18.3,1.7,Ml,,216,,,ak,ak10649037,1359759984455
2013-01-30T14:51:26.200+00:00,36.683,-121.312,4.7,2.4,Md,,29,,,nc,nc71931476,1359573010185
2013-01-30T14:01:27.000+00:00,63.131,-150.884,118.9,1.6,Ml,,72,,,ak,ak10649036,1359759984443
2013-01-30T13:54:41.800+00:00,17.859,-66.195,8.0,2.2,Md,,205,,,pr,pr13030001,1359555278594
2013-01-30T13:37:02.130+00:00,16.780,96.170,10.0,3.4,ML,,320,,,us,usc000ez34,1359750889047
2013-01-30T13:31:32.500+00:00,38.841,-122.838,1.9,1.1,Md,,61,,,nc,nc71931426,1359554710067
2013-01-30T13:25:32.580+00:00,-52.199,-5.403,10.0,4.9,mb,,104,,,us,us2013laam,1359564179590
2013-01-30T12:57:50.890+00:00,10.422,126.922,35.0,5.0,mb,,111,,,us,usc000eybx,1359552249785
2013-01-30T12:56:58.000+00:00,63.187,-149.214,82.4,1.1,Ml,,126,,,ak,ak10649035,1359759984427
2013-01-30T12:38:44.000+00:00,61.060,-150.550,8.8,1.7,Ml,,50,,,ak,ak10647108,1359759984045
2013-01-30T11:57:35.200+00:00,36.940,-121.588,5.3,1.2,Md,,40,,,nc,nc71931411,1359670537738
2013-01-30T11:52:53.000+00:00,63.763,-149.162,114.3,1.3,Ml,,101,,,ak,ak10649033,1359759984369
2013-01-30T11:38:31.000+00:00,63.134,-151.345,2.1,1.4,Ml,,47,,,ak,ak10647105,1359759984034
2013-01-30T11:06:32.000+00:00,63.230,-148.473,82.5,1.9,Ml,,40,,,ak,ak10647098,1359759984021
2013-01-30T10:44:20.000+00:00,61.185,-146.924,,1.5,Ml,,72,,,ak,ak10647096,1359759984004
2013-01-30T10:43:26.700+00:00,38.825,-122.803,3.3,2.4,Md,,29,,,nc,nc71931391,1359589531315
2013-01-30T10:39:10.000+00:00,57.871,-153.442,15.6,2.5,Ml,,133,,,ak,ak10647092,1359759983993
2013-01-30T10:33:21.100+00:00,37.884,-122.234,8.7,1.1,Md,,68,,,nc,nc71931376,1359678070927
2013-01-30T10:30:33.600+00:00,38.840,-122.839,2.6,1.2,Md,,58,,,nc,nc71931371,1359544986416
2013-01-30T10:25:38.200+00:00,32.963,-116.362,11.1,1.4,Ml,,83,,,ci,ci15279001,1359576007564
2013-01-30T10:22:11.000+00:00,59.325,-136.165,5.8,1.7,Ml,,144,,,ak,ak10649028,1359759984357
2013-01-30T10:20:19.700+00:00,38.757,-122.724,2.5,1.9,Md,,58,,,nc,nc71931366,1359543248070
2013-01-30T10:11:02.000+00:00,51.950,179.418,17.3,2.9,Ml,,346,,,ak,ak10649027,1359759984344
2013-01-30T10:01:41.000+00:00,40.949,-121.443,1.7,1.3,Md,,155,,,nc,nc71933196,1359741911022
2013-01-30T09:57:50.200+00:00,35.718,-121.623,18.8,1.8,Md,,234,,,nc,nc71931361,1359576071063
2013-01-30T09:54:54.600+00:00,37.708,-119.432,3.6,1.2,Md,,166,,,nc,nc71932336,1359658096576
2013-01-30T09:50:33.000+00:00,61.948,-148.555,20.0,1.0,Ml,,83,,,ak,ak10649026,1359759984332
2013-01-30T09:45:46.000+00:00,58.272,-156.051,155.0,2.9,Ml,,130,,,ak,ak10647077,1359760168729
2013-01-30T09:33:05.840+00:00,-26.160,-69.043,24.7,4.8,mb,,104,,,us,usc000ey8l,1359578269636
2013-01-30T09:27:05.550+00:00,32.847,94.706,37.1,5.2,mb,,28,,,us,usc000ey8j,1359539672650
2013-01-30T09:04:59.000+00:00,63.082,-151.466,5.2,1.3,Ml,,72,,,ak,ak10647072,1359759982917
2013-01-30T08:58:20.100+00:00,36.464,-121.046,5.4,1.5,Md,,72,,,nc,nc71931341,1359671468124
2013-01-30T08:54:20.000+00:00,38.821,-122.809,3.4,1.2,Md,,40,,,nc,nc71931331,1359538028082
2013-01-30T08:08:37.000+00:00,61.478,-149.731,35.8,1.2,Ml,,112,,,ak,ak10647068,1359759984253
2013-01-30T07:36:11.000+00:00,62.008,-151.206,87.3,1.6,Ml,,68,,,ak,ak10649021,1359759984305
2013-01-30T07:33:43.300+00:00,38.839,-122.839,2.6,1.4,Md,,68,,,nc,nc71931321,1359532146736
2013-01-30T07:23:45.000+00:00,62.382,-149.469,12.4,1.0,Ml,,97,,,ak,ak10649020,1359759984293
2013-01-30T07:12:57.500+00:00,38.821,-122.808,3.1,2.0,Md,,36,,,nc,nc71931296,1359533529451
2013-01-30T07:09:36.800+00:00,38.823,-122.808,3.4,2.0,Md,,29,,,nc,nc71931291,1359658096574
2013-01-30T06:56:56.000+00:00,61.440,-150.045,51.5,1.3,Ml,,101,,,ak,ak10647058,1359759984242
2013-01-30T06:40:26.000+00:00,63.098,-149.728,93.6,1.1,Ml,,101,,,ak,ak10649017,1359759984266
2013-01-30T06:12:45.000+00:00,61.689,-150.475,47.3,2.8,Ml,,40,,,ak,ak10647046,1359759982901
2013-01-30T05:52:24.000+00:00,63.450,-145.548,10.8,1.3,Ml,,79,,,ak,ak10647041,1359759982388
2013-01-30T05:21:35.700+00:00,38.787,-122.735,2.3,1.2,Md,,58,,,nc,nc71931241,1359525308678
2013-01-30T04:49:27.400+00:00,33.025,-116.432,5.1,1.2,Ml,,94,,,ci,ci15278961,1359573768048
2013-01-30T04:36:39.000+00:00,58.277,-153.859,62.3,2.9,Ml,,94,,,ak,ak10647024,1359760201229
2013-01-30T04:34:04.800+00:00,33.027,-116.434,5.5,1.5,Ml,,54,,,ci,ci15278953,1359573458723
2013-01-30T04:27:25.890+00:00,38.766,23.366,9.4,3.9,Mwr,,28,,,us,usc000ey3p,1359601184918
2013-01-30T04:23:07.900+00:00,32.159,-116.046,4.6,1.9,Ml,,140,,,ci,ci15278945,1359572957715
2013-01-30T04:22:30.900+00:00,32.158,-116.033,5.9,2.1,Ml,,148,,,ci,ci15278937,1359572801070
2013-01-30T04:21:22.600+00:00,32.166,-116.023,3.4,3.0,Ml,,122,,,ci,ci15278929,1359571959375
2013-01-30T04:16:31.400+00:00,45.470,-122.842,27.6,1.5,Md,,65,,,uw,uw60498422,1359741936568
2013-01-30T03:14:28.440+00:00,43.566,-127.598,10.2,5.3,mb,,160,,,us,usc000ey2g,1359790945952
2013-01-30T03:11:08.000+00:00,63.092,-150.752,114.2,1.4,Ml,,90,,,ak,ak10649013,1359759984229
2013-01-30T03:06:27.000+00:00,60.093,-149.330,33.6,2.4,Ml,,140,,,ak,ak10647003,1359759913149
2013-01-30T03:03:42.600+00:00,35.498,-120.770,3.5,1.5,Md,,47,,,nc,nc71931211,1359591130015
2013-01-30T02:55:53.000+00:00,63.492,-150.865,11.4,1.4,Ml,,72,,,ak,ak10646996,1359759913138
2013-01-30T02:49:52.000+00:00,59.719,-153.585,154.3,2.7,Ml,,112,,,ak,ak10646990,1359759987169
2013-01-30T02:37:01.000+00:00,64.715,-149.024,11.2,1.5,Ml,,90,,,ak,ak10646984,1359759913109
2013-01-30T02:32:19.650+00:00,10.558,126.684,46.0,5.4,mb,,104,,,us,usc000ey1i,1359541387511
2013-01-30T02:29:45.000+00:00,63.451,-151.326,0.7,1.1,Ml,,94,,,ak,ak10649008,1359759915249
2013-01-30T02:05:03.000+00:00,62.048,-152.860,3.8,1.2,Ml,,65,,,ak,ak10649007,1359759915268
2013-01-30T02:04:48.000+00:00,63.485,-147.190,15.2,1.0,Ml,,97,,,ak,ak10649006,1359759914215
2013-01-30T02:02:42.600+00:00,36.109,-120.186,9.2,1.6,Md,,130,,,nc,nc71931196,1359685867049
2013-01-30T01:52:50.000+00:00,61.098,-152.285,10.3,1.7,Ml,,115,,,ak,ak10646979,1359759913072
2013-01-30T01:41:23.000+00:00,61.877,-150.875,68.9,1.9,Ml,,54,,,ak,ak10646971,1359759913058
2013-01-30T01:23:11.000+00:00,51.474,-178.201,26.7,1.8,Ml,,310,,,ak,ak10649002,1359759914191
2013-01-30T01:19:13.000+00:00,63.558,-147.402,15.8,1.0,Ml,,166,,,ak,ak10649001,1359759914178
2013-01-30T00:59:26.500+00:00,18.039,-67.174,17.0,1.6,Md,,270,,,pr,pr13030000,1359519556620
2013-01-30T00:56:31.744+00:00,52.121,-174.393,75.8,4.6,mb,,246,,,us,us2013laac,1359760595325
2013-01-30T00:53:50.000+00:00,63.933,-148.781,,1.9,Ml,,101,,,ak,ak10646933,1359759913033
2013-01-30T00:46:46.000+00:00,62.954,-150.732,108.2,1.4,Ml,,86,,,ak,ak10648998,1359759913161
2013-01-30T00:43:34.000+00:00,60.737,-151.984,91.0,2.4,Ml,,68,,,ak,ak10646924,1359759911996
2013-01-30T00:30:16.700+00:00,35.044,-117.674,,1.4,Ml,,76,,,ci,ci15278865,1359571914281
2013-01-30T00:22:27.804+00:00,37.119,-117.109,6.6,1.7,ml,,119,,,nn,nn00401230,1359571660114
2013-01-30T00:13:58.000+00:00,64.994,-147.345,,1.7,Ml,,72,,,ak,ak10646913,1359759911982
2013-01-29T23:58:57.000+00:00,53.726,-166.484,77.8,2.2,Ml,,198,,,ak,ak10646907,1359749101417
2013-01-29T23:52:29.000+00:00,63.057,-151.287,12.9,1.0,Ml,,144,,,ak,ak10648845,1359749102624
2013-01-29T23:12:25.956+00:00,40.725,-119.432,,1.7,ml,,280,,,nn,nn00401228,1359652814188
2013-01-29T23:10:29.400+00:00,38.812,-111.328,1.5,2.0,Md,,112,,,uu,uu60011812,1359567109564
2013-01-29T23:09:50.700+00:00,17.788,-68.601,36.0,3.4,Md,,238,,,pr,pr13029008,1359509232087
2013-01-29T22:54:05.500+00:00,33.704,-116.811,18.7,1.2,Ml,,47,,,ci,ci15278841,1359593322571
2013-01-29T22:20:03.000+00:00,62.973,-149.087,81.1,2.3,Ml,,50,,,ak,ak10646860,1359749101377
2013-01-29T22:17:48.000+00:00,63.563,-147.717,4.8,2.6,Ml,,50,,,ak,ak10646854,1359749101365
2013-01-29T21:41:05.400+00:00,38.839,-122.829,2.5,1.8,Md,,50,,,nc,nc71931101,1359499571929
2013-01-29T21:35:32.600+00:00,38.839,-122.832,2.4,1.2,Md,,58,,,nc,nc71931091,1359495434576
2013-01-29T21:35:17.900+00:00,38.839,-122.829,2.4,1.7,Md,,50,,,nc,nc71931086,1359497352561
2013-01-29T21:23:24.100+00:00,36.312,-120.855,8.3,1.2,Md,,119,,,nc,nc71931076,1359507558360
2013-01-29T21:11:47.000+00:00,61.672,-151.032,70.7,1.7,Ml,,137,,,ak,ak10646820,1359749102548
2013-01-29T20:40:52.900+00:00,33.850,-117.495,,1.3,Ml,,97,,,ci,ci15278801,1359494833800
2013-01-29T20:28:49.559+00:00,37.105,-117.119,9.3,2.7,ml,,101,,,nn,nn00401201,1359652787436
2013-01-29T20:20:39.200+00:00,38.825,-122.793,3.4,2.0,Md,,29,,,nc,nc71931071,1359499571928
2013-01-29T20:20:14.300+00:00,36.106,-89.754,8.1,2.2,Md,,43,,,nm,nm012913c,1359494993651
2013-01-29T19:59:53.000+00:00,32.572,-115.694,10.0,1.6,Ml,,144,,,ci,ci15278785,1359593031975
2013-01-29T19:56:50.400+00:00,41.113,-111.497,21.5,1.3,Ml,,72,,,uu,uu60011772,1359490986688
2013-01-29T19:40:27.000+00:00,61.956,-151.187,69.1,1.4,Ml,,176,,,ak,ak10646616,1359749102537
2013-01-29T19:36:53.200+00:00,38.824,-122.793,3.1,1.1,Md,,61,,,nc,nc71931016,1359492072495
2013-01-29T19:30:33.250+00:00,-11.206,165.355,24.7,5.1,mb,,86,,,us,usc000expf,1359491530621
2013-01-29T19:02:01.000+00:00,33.278,-116.786,12.9,2.2,Ml,,29,,,ci,ci15278761,1359788803868
2013-01-29T18:40:49.000+00:00,53.486,-165.962,46.0,1.7,Ml,,310,,,ak,ak10648839,1359749102580
2013-01-29T18:36:41.600+00:00,38.821,-122.830,2.6,1.6,Md,,54,,,nc,nc71930991,1359488094245
2013-01-29T18:30:51.600+00:00,33.776,-116.159,6.6,1.8,Ml,,36,,,ci,ci15278753,1359592065015
2013-01-29T17:57:44.000+00:00,61.472,-151.719,87.7,1.8,Ml,,151,,,ak,ak10648838,1359749102560
2013-01-29T17:45:53.000+00:00,62.614,-150.295,68.3,1.4,Ml,,97,,,ak,ak10646557,1359749102520
2013-01-29T17:37:30.900+00:00,40.561,-121.546,4.0,1.0,Md,,205,,,nc,nc71930966,1359485105789
2013-01-29T17:36:46.700+00:00,18.992,-64.897,12.0,2.7,Mb,,256,,,pr,pr13029007,1359501338566
2013-01-29T17:35:01.100+00:00,38.812,-122.792,3.1,1.2,Md,,36,,,nc,nc71930956,1359484064568
2013-01-29T17:32:54.500+00:00,38.825,-122.762,1.1,1.9,Md,,54,,,nc,nc71930951,1359483431000
2013-01-29T17:10:48.700+00:00,38.825,-122.794,3.5,1.0,Md,,40,,,nc,nc71930946,1359479547876
2013-01-29T16:59:40.000+00:00,19.021,-64.913,42.0,2.7,Md,,263,,,pr,pr13029006,1359480702826
2013-01-29T16:58:26.000+00:00,64.798,-147.322,14.8,2.5,Ml,,54,,,ak,ak10646537,1359749192369
2013-01-29T16:48:01.000+00:00,38.811,-122.793,3.3,1.8,Md,,32,,,nc,nc71930916,1359478247391
2013-01-29T16:47:27.900+00:00,38.815,-122.793,3.6,1.6,Md,,47,,,nc,nc71930906,1359478992833
2013-01-29T16:45:28.700+00:00,38.824,-122.796,3.8,3.0,Md,,22,,,nc,nc71930901,1359654549787
2013-01-29T16:45:25.700+00:00,38.825,-122.792,3.0,2.7,Md,,29,,,nc,nc71930896,1359661447926
2013-01-29T16:19:06.300+00:00,35.584,-120.778,7.8,1.0,Md,,108,,,nc,nc71930891,1359508130882
2013-01-29T16:16:45.000+00:00,54.847,-158.441,41.5,3.6,Ml,,252,,,ak,ak10646522,1359749101402
2013-01-29T15:56:05.000+00:00,51.533,-178.470,46.9,3.0,Ml,,191,,,ak,ak10646517,1359749101450
2013-01-29T14:59:52.900+00:00,38.979,-112.074,12.4,1.3,Md,,194,,,uu,uu60011742,1359497942430
2013-01-29T14:57:08.200+00:00,38.791,-122.800,3.9,1.1,Md,,68,,,nc,nc71930886,1359474549821
2013-01-29T14:46:53.500+00:00,38.808,-122.803,1.3,1.4,Md,,43,,,nc,nc71930881,1359472811675
2013-01-29T14:43:55.800+00:00,19.416,-155.326,4.9,2.2,Ml,,108,,,hv,hv60460891,1359470986843
2013-01-29T14:26:09.000+00:00,60.144,-147.728,4.3,2.1,Ml,,187,,,ak,ak10646502,1359749101324
2013-01-29T14:05:01.600+00:00,33.918,-118.577,10.0,1.7,Ml,,155,,,ci,ci15278737,1359472543820
2013-01-29T13:58:48.196+00:00,-4.004,143.020,10.0,4.3,mb,,90,,,us,us2013kzan,1359473246377
2013-01-29T13:38:48.000+00:00,64.783,-147.345,16.2,2.8,Ml,,58,,,ak,ak10646491,1359749223887
2013-01-29T13:19:01.100+00:00,36.140,-90.882,9.7,2.1,Md,,68,,,nm,nm012913a,1359467735082
2013-01-29T13:17:21.702+00:00,42.658,144.056,48.5,4.8,mb,,125,,,us,us2013kzal,1359471034785
2013-01-29T12:59:00.500+00:00,38.811,-122.817,2.9,1.0,Md,,101,,,nc,nc71930861,1359464436212
2013-01-29T12:57:05.000+00:00,60.735,-150.418,40.8,1.6,Ml,,65,,,ak,ak10648831,1359749102508
2013-01-29T12:43:56.000+00:00,51.453,-176.159,23.7,2.4,Ml,,299,,,ak,ak10648830,1359749102497
2013-01-29T12:31:33.430+00:00,31.869,-94.395,5.1,2.8,mb_Lg,,149,,,us,usc000exeh,1359668364482
2013-01-29T12:29:26.000+00:00,60.118,-153.095,113.1,1.8,Ml,,176,,,ak,ak10648829,1359749101474
2013-01-29T12:24:07.100+00:00,19.414,-155.320,4.3,1.9,Ml,,94,,,hv,hv60460541,1359462590803
2013-01-29T12:18:44.000+00:00,59.630,-134.074,7.6,1.6,Ml,,209,,,ak,ak10646484,1359749101390
2013-01-29T12:12:46.900+00:00,19.415,-155.322,3.6,1.9,Ml,,104,,,hv,hv60460506,1359461919538
2013-01-29T12:00:54.600+00:00,19.657,-66.400,33.0,3.2,Md,,313,,,pr,pr13029005,1359462189069
2013-01-29T11:58:46.200+00:00,38.830,-122.853,2.6,1.4,Md,,58,,,nc,nc71930846,1359462728383
2013-01-29T11:47:48.700+00:00,46.814,-112.178,13.7,1.2,Md,,137,,,mb,mb13493426,1359667206730
2013-01-29T11:44:01.000+00:00,19.414,-155.317,4.5,2.3,Ml,,79,,,hv,hv60460396,1359460188972
2013-01-29T11:33:13.600+00:00,33.977,-117.175,16.8,1.2,Ml,,43,,,ci,ci15278721,1359591223307
2013-01-29T10:47:56.080+00:00,-15.706,-70.093,218.9,4.1,mb,,115,,,us,usc000exdk,1359460240235
2013-01-29T10:41:32.000+00:00,61.019,-150.264,26.3,1.7,Ml,,90,,,ak,ak10646470,1359749101244
2013-01-29T10:33:10.000+00:00,61.255,-146.730,26.4,1.7,Ml,,76,,,ak,ak10646466,1359749101232
2013-01-29T10:30:59.900+00:00,19.063,-64.490,125.0,3.2,Md,,274,,,pr,pr13029004,1359460195295
2013-01-29T10:21:25.900+00:00,47.529,-123.519,37.9,1.1,Md,,148,,,uw,uw60498117,1359480701186
2013-01-29T10:19:23.000+00:00,47.881,-121.643,8.1,1.4,Md,,108,,,uw,uw60025908,1359480320472
2013-01-29T10:18:37.100+00:00,47.874,-121.649,11.2,1.7,Md,,79,,,uw,uw60498112,1359479958759
2013-01-29T09:57:21.400+00:00,38.790,-122.762,1.8,1.0,Md,,58,,,nc,nc71930841,1359453544731
2013-01-29T09:17:09.300+00:00,32.932,-80.166,7.6,1.4,Md,,169,,,se,se012913b,1359469122875
2013-01-29T09:03:20.330+00:00,-24.059,-179.828,505.1,4.6,mb,,97,,,us,usc000exci,1359452417502
2013-01-29T08:57:55.620+00:00,42.513,79.794,10.0,4.4,mb,,67,,,us,usc000excc,1359453131510
2013-01-29T08:43:16.200+00:00,38.831,-122.802,2.1,1.0,Md,,50,,,nc,nc71930811,1359449096544
2013-01-29T08:35:12.600+00:00,37.559,-121.828,8.6,1.1,Md,,68,,,nc,nc71930806,1359500405720
2013-01-29T08:25:37.300+00:00,38.826,-122.862,0.6,1.0,Md,,115,,,nc,nc71930801,1359448035456
2013-01-29T08:23:08.000+00:00,53.741,-165.869,27.9,1.4,Ml,,284,,,ak,ak10648824,1359749101463
2013-01-29T08:12:36.000+00:00,62.067,-145.122,17.3,1.5,Ml,,184,,,ak,ak10648823,1359748952995
2013-01-29T08:07:36.300+00:00,33.982,-117.179,13.4,1.1,Ml,,50,,,ci,ci15278705,1359590732319
2013-01-29T07:32:41.339+00:00,37.282,-114.983,,2.4,ml,,122,,,nn,nn00401164,1359513356433
2013-01-29T07:26:16.500+00:00,18.094,-66.101,27.0,2.8,Md,,184,,,pr,pr13029003,1359445803910
2013-01-29T07:14:51.000+00:00,37.623,-119.022,3.9,1.5,Md,,58,,,nc,nc71930751,1359501074814
2013-01-29T07:07:17.000+00:00,61.760,-150.320,40.0,3.5,Ml,,58,,,ak,ak10646435,1359749076150
2013-01-29T07:06:22.000+00:00,63.164,-150.415,111.6,1.6,Ml,,94,,,ak,ak10646433,1359748949884
2013-01-29T07:04:48.000+00:00,60.151,-139.432,14.9,1.2,Ml,,130,,,ak,ak10646434,1359748949896
2013-01-29T06:58:57.000+00:00,62.190,-148.227,37.3,1.3,Ml,,126,,,ak,ak10646430,1359748947707
2013-01-29T06:39:42.000+00:00,61.745,-148.462,6.4,1.4,Ml,,79,,,ak,ak10646427,1359748947694
2013-01-29T06:24:39.000+00:00,62.917,-150.884,108.1,2.5,Ml,,58,,,ak,ak10646421,1359748947681
2013-01-29T06:14:19.600+00:00,33.129,-115.629,7.8,1.4,Ml,,83,,,ci,ci15278681,1359475743500
2013-01-29T06:09:35.300+00:00,19.475,-155.455,10.0,2.3,Ml,,76,,,hv,hv60460181,1359440119386
2013-01-29T05:44:20.000+00:00,53.357,-166.437,25.7,2.3,Ml,,295,,,ak,ak10646416,1359748948823
2013-01-29T05:26:22.000+00:00,51.570,-178.428,2.8,3.2,Ml,,234,,,ak,ak10646413,1359748949869
2013-01-29T05:23:33.000+00:00,63.370,-151.320,10.0,1.4,Ml,,104,,,ak,ak10646411,1359748947669
2013-01-29T05:04:07.000+00:00,34.312,-116.933,3.0,1.0,Ml,,86,,,ci,ci15278673,1359589274405
2013-01-29T05:00:37.000+00:00,36.312,-120.852,7.4,1.4,Md,,115,,,nc,nc71930706,1359509037724
2013-01-29T04:56:51.000+00:00,40.901,-121.822,17.4,1.8,Md,,101,,,nc,nc71930701,1359510374830
2013-01-29T04:48:45.500+00:00,47.020,-114.406,7.7,1.1,Md,,220,,,mb,mb13967275,1359667200710
2013-01-29T04:22:36.000+00:00,63.649,-147.520,76.5,1.2,Ml,,180,,,ak,ak10646401,1359748947649
2013-01-29T04:11:45.000+00:00,60.858,-151.708,81.9,2.1,Ml,,79,,,ak,ak10646392,1359748946599
2013-01-29T04:00:27.900+00:00,38.824,-122.840,0.9,2.0,Md,,32,,,nc,nc71930621,1359485234345
2013-01-29T03:53:48.400+00:00,41.033,-111.592,10.1,1.1,Ml,,94,,,uu,uu60011727,1359484586004
2013-01-29T03:43:41.400+00:00,47.885,-121.650,8.7,1.7,Md,,54,,,uw,uw60498017,1359435522576
2013-01-29T03:41:12.000+00:00,60.079,-152.885,107.8,2.0,Ml,,155,,,ak,ak10648810,1359748952981
2013-01-29T03:37:32.500+00:00,17.946,-67.106,12.0,1.8,Md,,288,,,pr,pr13029001,1359435143667
2013-01-29T03:35:54.900+00:00,36.777,-121.281,8.0,2.3,Md,,47,,,nc,nc71930611,1359435128808
2013-01-29T03:31:23.190+00:00,-15.545,-72.077,99.6,4.1,mb,,127,,,us,usc000ex8v,1359431726824
2013-01-29T03:16:36.780+00:00,-0.060,122.980,133.7,4.9,mb,,44,,,us,usc000ex8s,1359430603148
2013-01-29T03:04:27.000+00:00,51.442,-175.993,45.8,2.5,Ml,,234,,,ak,ak10646376,1359748948749
2013-01-29T02:57:19.400+00:00,41.047,-121.652,13.5,1.7,Md,,90,,,nc,nc71930591,1359509428490
2013-01-29T02:46:03.000+00:00,61.771,-148.447,10.0,1.1,Ml,,148,,,ak,ak10648808,1359748953020
2013-01-29T02:42:18.000+00:00,51.372,-175.964,26.8,2.9,,,,,,ak,ak10646366,1359748946588
2013-01-29T02:38:15.900+00:00,34.006,-117.169,10.6,1.0,Ml,,112,,,ci,ci15278657,1359476882577
2013-01-29T02:21:07.000+00:00,62.093,-145.105,18.4,1.5,Ml,,173,,,ak,ak10648805,1359748951961
2013-01-29T02:00:18.100+00:00,41.811,-112.705,0.3,1.2,Md,,144,,,uu,uu60011717,1359480525570
2013-01-29T01:48:57.380+00:00,35.375,27.204,26.6,4.4,mb,,140,,,us,usc000ex7y,1359426098110
2013-01-29T01:47:03.000+00:00,61.742,-148.411,9.0,2.3,Ml,,76,,,ak,ak10646344,1359748946565
2013-01-29T01:31:59.100+00:00,19.489,-64.109,67.0,2.6,Md,,328,,,pr,pr13029002,1359435185136
2013-01-29T01:27:08.600+00:00,33.978,-116.849,22.1,1.0,Ml,,61,,,ci,ci15278649,1359588933721
2013-01-29T01:05:26.000+00:00,55.559,-161.760,124.1,2.7,Ml,,223,,,ak,ak10646328,1359748948737
2013-01-29T01:02:50.000+00:00,59.432,-152.786,74.7,2.1,Ml,,155,,,ak,ak10646325,1359748948848
2013-01-29T00:56:44.090+00:00,12.104,-88.030,34.5,4.6,mb,,182,,,us,usc000ex75,1359422605048
2013-01-29T00:44:54.000+00:00,65.023,-149.023,10.0,1.4,Ml,,158,,,ak,ak10646318,1359748946553
2013-01-29T00:41:35.000+00:00,60.182,-153.012,114.5,2.1,Ml,,158,,,ak,ak10646319,1359748948836
2013-01-29T00:40:15.800+00:00,35.048,-117.661,,1.1,Ml,,76,,,ci,ci15278641,1359477343494
2013-01-29T00:36:12.000+00:00,59.984,-152.807,102.9,1.9,Ml,,256,,,ak,ak10648799,1359748951939
2013-01-29T00:27:23.900+00:00,41.308,-122.166,5.3,1.2,Md,,90,,,nc,nc71933186,1359741550326
2013-01-29T00:25:24.900+00:00,38.844,-122.827,2.6,1.6,Md,,50,,,nc,nc71930546,1359419222918
2013-01-29T00:23:11.200+00:00,38.836,-122.802,2.8,2.0,Md,,29,,,nc,nc71930541,1359486972678
2013-01-29T00:18:11.000+00:00,59.227,-152.392,24.6,2.2,Ml,,292,,,ak,ak10648798,1359748950928
2013-01-29T00:17:51.800+00:00,34.579,-115.650,,1.3,Ml,,68,,,ci,ci15278633,1359478215252
2013-01-29T00:16:14.500+00:00,38.044,-118.992,7.2,1.1,Md,,173,,,nc,nc71931646,1359575530023
2013-01-29T00:15:28.900+00:00,36.553,-121.077,6.0,1.3,Md,,76,,,nc,nc71930531,1359670452561
2013-01-29T00:04:59.000+00:00,52.612,-169.385,13.1,2.7,Ml,,346,,,ak,ak10648796,1359748950914
2013-01-29T00:02:18.900+00:00,19.542,-65.406,61.0,3.3,Md,,306,,,pr,pr13029000,1359423612647
2013-01-28T23:44:18.000+00:00,63.302,-149.430,83.2,2.1,Ml,,94,,,ak,ak10646277,1359417110568
2013-01-28T23:13:29.400+00:00,38.060,-118.946,7.2,1.4,Md,,112,,,nc,nc71930511,1359432428877
2013-01-28T22:57:15.000+00:00,38.844,-122.826,2.4,1.7,Md,,47,,,nc,nc71930496,1359415868242
2013-01-28T22:25:43.700+00:00,37.434,-118.560,11.3,1.2,Md,,54,,,nc,nc71930486,1359671209084
2013-01-28T22:14:44.500+00:00,49.471,-120.498,,2.3,Md,,216,,,uw,uw60497962,1359433904407
2013-01-28T22:13:49.200+00:00,33.240,-116.444,2.2,1.8,Ml,,65,,,ci,ci15278625,1359585075924
2013-01-28T21:34:27.100+00:00,19.359,-155.461,10.1,1.9,Md,,47,,,hv,hv60460021,1359408977639
2013-01-28T21:33:52.400+00:00,38.995,-111.345,6.1,1.3,Md,,144,,,uu,uu60011657,1359416764088
2013-01-28T21:24:36.380+00:00,-22.228,-179.547,585.2,4.8,mb,,47,,,us,usc000ex0c,1359416777766
2013-01-28T21:13:32.000+00:00,58.169,-155.357,1.0,1.0,Ml,,176,,,ak,ak10646251,1359410578064
2013-01-28T20:37:22.200+00:00,34.191,-117.439,10.0,1.9,Ml,,47,,,ci,ci15278609,1359574061347
2013-01-28T20:37:09.520+00:00,42.544,79.771,10.0,4.6,mb,,104,,,us,usc000ewxc,1359425999702
2013-01-28T20:37:09.500+00:00,38.844,-122.826,2.4,1.6,Md,,47,,,nc,nc71930441,1359407408236
2013-01-28T20:29:14.610+00:00,37.500,143.606,33.4,4.7,mb,,122,,,us,usc000ewx5,1359417807361
2013-01-28T20:20:53.510+00:00,9.072,-82.866,29.8,4.8,mb,,148,,,us,usc000ewwg,1359660086519
2013-01-28T19:47:38.540+00:00,42.507,79.595,9.9,4.6,mb,,104,,,us,usc000ewvl,1359415631498
2013-01-28T19:40:44.600+00:00,33.708,-116.753,18.3,1.2,Ml,,140,,,ci,ci15278585,1359484497916
2013-01-28T19:38:20.790+00:00,38.379,46.849,10.0,4.5,mb,,72,,,us,usc000ewv1,1359464918576
2013-01-28T19:36:21.800+00:00,36.581,-121.177,2.5,1.1,Md,,86,,,nc,nc71930431,1359670602871
2013-01-28T19:33:15.500+00:00,-6.834,129.006,151.4,4.7,mb,,137,,,us,usc000ewur,1359413912323
2013-01-28T19:27:03.200+00:00,36.580,-121.438,,1.1,Md,,158,,,nc,nc71930421,1359429061054
2013-01-28T19:16:36.500+00:00,38.813,-122.795,2.7,1.1,Md,,40,,,nc,nc71930411,1359402609595
2013-01-28T19:11:54.540+00:00,42.773,79.303,10.0,4.5,mb,,165,,,us,usc000ewuh,1359412512203
2013-01-28T18:59:51.830+00:00,37.430,-117.080,6.4,1.2,ml,,238,,,nn,nn00401109,1359486659863
2013-01-28T18:53:16.400+00:00,38.821,-122.762,2.1,1.0,Md,,54,,,nc,nc71930406,1359399297977
2013-01-28T18:30:09.000+00:00,63.278,-145.226,0.1,1.5,Ml,,122,,,ak,ak10646198,1359398216868
2013-01-28T18:27:39.600+00:00,35.045,-118.375,,1.2,Ml,,155,,,ci,ci15278553,1359488716433
2013-01-28T17:51:18.500+00:00,33.476,-116.735,10.6,1.2,Ml,,47,,,ci,ci15278537,1359489367756
2013-01-28T17:46:07.300+00:00,38.838,-122.775,2.4,1.0,Md,,97,,,nc,nc71930366,1359395269968
2013-01-28T17:38:37.900+00:00,38.834,-122.776,2.4,1.2,Md,,61,,,nc,nc71930361,1359396128116
2013-01-28T17:31:46.090+00:00,42.749,79.526,10.1,4.4,mb,,105,,,us,usc000ewrz,1359423694845
2013-01-28T17:03:21.100+00:00,38.788,-122.763,1.5,1.3,Md,,58,,,nc,nc71930351,1359394991144
2013-01-28T16:40:48.700+00:00,38.791,-122.726,2.1,2.4,Md,,40,,,nc,nc71930326,1359426247735
2013-01-28T16:38:53.520+00:00,42.598,79.699,15.0,6.0,Mwb,,14,,,us,usc000ewqq,1359778499221
2013-01-28T16:11:06.400+00:00,38.060,-118.949,10.0,1.6,Md,,101,,,nc,nc71930311,1359508756684
2013-01-28T16:00:22.000+00:00,63.100,-150.464,29.6,1.8,Ml,,158,,,ak,ak10646135,1359389204950
2013-01-28T15:49:42.100+00:00,19.935,-155.682,10.2,2.4,Md,,122,,,hv,hv60459906,1359388299850
2013-01-28T15:12:50.000+00:00,62.480,-151.299,104.7,2.5,Ml,,72,,,ak,ak10646125,1359386237813
2013-01-28T14:59:36.000+00:00,54.345,-161.889,13.1,2.5,Ml,,284,,,ak,ak10646121,1359397860484
2013-01-28T14:42:11.000+00:00,54.357,-161.939,22.4,2.7,Ml,,248,,,ak,ak10646118,1359397674239
2013-01-28T13:57:01.801+00:00,38.157,-117.968,,1.4,ml,,239,,,nn,nn00401089,1359427012246
2013-01-28T13:22:19.200+00:00,38.817,-122.812,3.4,1.0,Md,,43,,,nc,nc71930271,1359379436234
2013-01-28T13:14:36.200+00:00,41.311,-122.164,5.7,1.3,Md,,94,,,nc,nc71930266,1359766147900
2013-01-28T12:40:39.810+00:00,52.648,-169.392,16.9,3.9,mb,,172,,,us,usc000ewn4,1359397422912
2013-01-28T12:27:48.347+00:00,38.154,-117.996,12.0,1.5,ml,,201,,,nn,nn00401088,1359491963181
2013-01-28T12:22:54.500+00:00,41.313,-122.161,5.0,1.1,Md,,61,,,nc,nc71933181,1359738536418
2013-01-28T12:02:29.400+00:00,37.623,-119.018,3.7,1.0,Md,,76,,,nc,nc71930246,1359426495977
2013-01-28T12:00:17.980+00:00,-11.070,165.368,35.0,4.9,mb,,102,,,us,usc000ewmq,1359376129104
2013-01-28T11:56:01.000+00:00,64.984,-149.004,1.6,1.3,Ml,,155,,,ak,ak10646097,1359374466481
2013-01-28T11:29:35.587+00:00,36.475,-116.585,,1.4,ml,,111,,,nn,nn00401085,1359490762990
2013-01-28T11:23:06.500+00:00,37.635,-119.025,2.8,1.2,Md,,97,,,nc,nc71930196,1359395477002
2013-01-28T11:20:01.300+00:00,38.839,-122.828,2.6,1.4,Md,,54,,,nc,nc71930191,1359374628837
2013-01-28T10:27:40.500+00:00,32.756,-116.027,10.6,1.4,Ml,,50,,,ci,ci15278513,1359573392279
2013-01-28T10:05:17.100+00:00,47.002,-120.575,1.3,1.6,Md,,162,,,uw,uw60497842,1359398272820
2013-01-28T09:59:42.000+00:00,62.925,-149.756,46.4,1.4,Ml,,234,,,ak,ak10646080,1359367924119
2013-01-28T09:55:53.345+00:00,38.429,-118.731,2.1,1.4,ml,,143,,,nn,nn00401083,1359427001461
2013-01-28T09:48:10.000+00:00,38.788,-122.762,1.6,1.4,Md,,58,,,nc,nc71930131,1359368467804
2013-01-28T09:47:36.300+00:00,37.622,-119.019,3.7,1.4,Md,,151,,,nc,nc71930136,1359396493783
2013-01-28T09:38:07.700+00:00,37.644,-119.057,0.3,1.1,Md,,137,,,nc,nc71930126,1359394637292
2013-01-28T09:06:05.000+00:00,61.291,-152.253,9.0,1.3,Ml,,122,,,ak,ak10646070,1359364119996
2013-01-28T09:04:51.132+00:00,36.497,-116.585,4.6,1.3,ml,,104,,,nn,nn00401082,1359483325917
2013-01-28T08:30:58.000+00:00,61.068,-146.614,11.4,1.9,Ml,,90,,,ak,ak10646064,1359362240099
2013-01-28T08:18:39.000+00:00,64.499,-147.284,1.2,1.3,Ml,,61,,,ak,ak10646057,1359361452194
2013-01-28T08:17:55.600+00:00,33.989,-116.853,14.0,1.2,Ml,,40,,,ci,ci15278489,1359572801072
2013-01-28T08:16:44.760+00:00,38.433,-118.731,2.8,1.7,ml,,133,,,nn,nn00401081,1359426985311
2013-01-28T08:07:31.000+00:00,18.283,-65.040,36.0,1.5,Md,,198,,,pr,pr13028002,1359372949828
2013-01-28T07:37:43.600+00:00,33.167,-116.112,9.4,2.2,Ml,,29,,,ci,ci15278481,1359572229921
2013-01-28T06:16:54.100+00:00,36.034,-117.778,1.1,1.7,Ml,,94,,,ci,ci15278473,1359568433676
2013-01-28T06:16:26.619+00:00,39.332,-119.949,10.0,1.3,ml,,50,,,nn,nn00401077,1359426979898
2013-01-28T06:03:25.700+00:00,38.787,-122.729,1.8,1.8,Md,,40,,,nc,nc71930076,1359355028283
2013-01-28T05:45:09.000+00:00,60.081,-141.161,13.4,1.8,Ml,,184,,,ak,ak10646043,1359396891405
2013-01-28T05:37:07.500+00:00,36.421,-117.838,14.2,1.9,Ml,,130,,,ci,ci15278465,1359491477009
2013-01-28T05:25:27.878+00:00,37.373,-117.146,6.5,1.2,ml,,188,,,nn,nn00401074,1359426966639
2013-01-28T05:25:25.000+00:00,62.951,-150.964,99.8,1.9,Ml,,187,,,ak,ak10646034,1359351436934
2013-01-28T05:11:39.792+00:00,38.431,-118.727,,1.1,ml,,167,,,nn,nn00401073,1359426953022
2013-01-28T04:39:56.300+00:00,38.264,-122.184,6.5,1.2,Md,,122,,,nc,nc71930056,1359680887410
2013-01-28T04:39:26.100+00:00,18.795,-64.331,44.0,2.4,Md,,306,,,pr,pr13028001,1359358828589
2013-01-28T04:02:57.860+00:00,-4.907,129.442,231.4,4.8,mb,,81,,,us,usc000ewkv,1359351597435
2013-01-28T03:44:46.600+00:00,19.122,-155.473,31.3,2.0,Md,,176,,,hv,hv60459846,1359344800344
2013-01-28T03:27:22.000+00:00,61.027,-146.586,16.8,1.9,Ml,,119,,,ak,ak10646019,1359343853975
2013-01-28T03:24:18.200+00:00,37.509,-119.044,2.5,1.2,Md,,331,,,nc,nc71930016,1359394757536
2013-01-28T03:23:54.900+00:00,33.850,-117.787,8.2,2.4,Ml,,25,,,ci,ci15278449,1359473128318
2013-01-28T02:53:00.300+00:00,37.534,-119.016,8.6,1.1,Md,,277,,,nc,nc71929981,1359395028066
2013-01-28T02:26:43.700+00:00,38.827,-122.850,1.5,2.6,Md,,22,,,nc,nc71929941,1359424509676
2013-01-28T02:20:07.000+00:00,58.230,-154.786,21.0,2.1,Ml,,212,,,ak,ak10646006,1359339885460
2013-01-28T02:17:54.000+00:00,58.218,-155.095,1.3,1.3,Ml,,202,,,ak,ak10646004,1359339584150
2013-01-28T02:15:59.677+00:00,37.084,-117.982,,1.5,ml,,201,,,nn,nn00401185,1359481946102
2013-01-28T02:06:37.300+00:00,18.251,-66.982,24.0,2.1,Md,,216,,,pr,pr13028000,1359344987945
2013-01-28T00:58:15.000+00:00,64.749,-148.067,19.9,1.5,Ml,,90,,,ak,ak10645999,1359334779456
2013-01-28T00:35:12.400+00:00,36.531,-89.615,9.5,1.3,Md,,122,,,nm,nm012813a,1359385419648
2013-01-28T00:29:43.500+00:00,36.351,-120.934,5.3,1.1,Md,,151,,,nc,nc71929911,1359508461550
2013-01-28T00:03:50.900+00:00,35.033,-117.675,,1.6,Ml,,130,,,ci,ci15278425,1359496101350
2013-01-27T23:49:53.100+00:00,34.240,-117.507,6.9,1.9,Ml,,29,,,ci,ci15278417,1359495875133
2013-01-27T23:49:46.000+00:00,62.157,-148.694,4.5,1.3,Ml,,90,,,ak,ak10645989,1359674236019
2013-01-27T23:48:25.100+00:00,37.647,-122.059,3.0,1.5,Md,,43,,,nc,nc71929896,1359673151405
2013-01-27T23:37:30.000+00:00,54.893,-160.374,36.3,2.0,Ml,,238,,,ak,ak10648245,1359674242367
2013-01-27T22:35:21.300+00:00,36.352,-120.934,6.2,1.6,Md,,58,,,nc,nc71929866,1359673151403
2013-01-27T22:25:47.000+00:00,51.496,-179.007,29.8,2.3,Ml,,212,,,ak,ak10645855,1359674241352
2013-01-27T22:10:22.100+00:00,37.536,-118.822,7.1,1.2,Md,,94,,,nc,nc71929851,1359501736090
2013-01-27T22:08:16.000+00:00,49.420,-120.505,,2.2,Md,,223,,,uw,uw60497797,1359396613659
2013-01-27T22:08:04.800+00:00,45.616,-111.752,6.9,1.2,Md,,104,,,mb,mb13891361,1359594880911
2013-01-27T22:03:44.000+00:00,60.978,-151.213,71.1,1.8,Ml,,58,,,ak,ak10645847,1359674241336
2013-01-27T21:45:49.480+00:00,13.287,144.722,47.7,4.5,mb,,100,,,us,usc000ewtb,1359528284916
2013-01-27T21:39:50.000+00:00,60.597,-152.324,95.0,2.0,Ml,,79,,,ak,ak10645837,1359674235993
2013-01-27T21:30:04.000+00:00,34.346,-118.490,4.3,1.9,Ml,,50,,,ci,ci15278401,1359492916748
2013-01-27T21:23:57.100+00:00,38.834,-122.813,2.5,1.1,Md,,50,,,nc,nc71929841,1359324187564
2013-01-27T21:03:36.300+00:00,33.176,-115.675,5.7,1.2,Ml,,295,,,ci,ci15278393,1359488816640
2013-01-27T21:03:08.500+00:00,38.744,-122.733,0.4,1.0,Md,,112,,,nc,nc71929831,1359320685078
2013-01-27T20:57:35.160+00:00,27.214,128.362,57.9,5.2,mb,,132,,,us,usc000ewhq,1359378528555
2013-01-27T20:44:30.000+00:00,61.769,-149.741,34.1,1.6,Ml,,61,,,ak,ak10645815,1359674240311
2013-01-27T20:41:47.000+00:00,54.465,-161.606,14.3,2.1,Ml,,248,,,ak,ak10648239,1359674240289
2013-01-27T20:27:22.890+00:00,14.181,-91.711,67.0,4.5,mb,,208,,,us,usc000ewha,1359320009236
2013-01-27T20:22:49.143+00:00,38.156,-118.002,7.4,2.2,ml,,201,,,nn,nn00401057,1359320371213
2013-01-27T20:08:39.274+00:00,38.162,-117.993,10.6,2.1,ml,,221,,,nn,nn00401055,1359318951946
2013-01-27T19:54:39.000+00:00,36.828,-121.279,7.9,1.0,Md,,94,,,nc,nc71929806,1359670302253
2013-01-27T19:52:27.600+00:00,34.040,-117.221,15.5,1.3,Ml,,230,,,ci,ci15278361,1359485979065
2013-01-27T19:43:31.600+00:00,37.554,-122.430,11.1,1.1,Md,,90,,,nc,nc71929801,1359502760309
2013-01-27T19:42:14.100+00:00,33.196,-115.645,5.4,1.3,Ml,,281,,,ci,ci15278353,1359485785499
2013-01-27T19:38:04.400+00:00,38.781,-122.378,10.1,1.8,Md,,140,,,nc,nc71929796,1359419230226
2013-01-27T19:32:41.170+00:00,-34.733,-108.974,14.8,5.2,mb,,122,,,us,usc000ewg6,1359316930563
2013-01-27T19:26:06.000+00:00,63.742,-145.762,0.7,1.3,Ml,,86,,,ak,ak10645772,1359674239221
2013-01-27T19:23:04.000+00:00,51.472,-179.042,69.9,2.1,Ml,,191,,,ak,ak10648235,1359674239272
2013-01-27T19:19:14.400+00:00,33.167,-115.624,2.0,1.0,Ml,,58,,,ci,ci15278337,1359485289506
2013-01-27T19:14:08.600+00:00,33.783,-116.166,7.7,1.0,Ml,,216,,,ci,ci15278329,1359485189301
2013-01-27T19:11:29.300+00:00,34.023,-117.210,7.0,1.1,Ml,,223,,,ci,ci15278321,1359484998911
2013-01-27T19:04:03.726+00:00,38.131,-118.265,13.9,2.1,ml,,165,,,nn,nn00401050,1359315438710
2013-01-27T18:57:25.000+00:00,55.189,-160.622,4.8,2.1,Ml,,209,,,ak,ak10645767,1359674239210
2013-01-27T18:41:48.650+00:00,36.526,140.534,70.9,5.1,mb,,118,,,us,usc000ewfr,1359687438738
2013-01-27T18:14:04.500+00:00,36.558,-121.073,5.7,1.1,Md,,94,,,nc,nc71929751,1359672069292
2013-01-27T18:12:43.000+00:00,51.569,-178.438,13.5,2.6,Ml,,187,,,ak,ak10645755,1359674239199
2013-01-27T18:10:24.100+00:00,35.266,-84.327,18.4,1.5,Md,,166,,,se,se012713a,1359319311858
2013-01-27T18:03:45.000+00:00,62.117,-148.081,39.4,1.4,Ml,,101,,,ak,ak10645753,1359674237167
2013-01-27T18:03:05.200+00:00,33.520,-116.422,10.3,2.0,Ml,,29,,,ci,ci15278297,1359505500346
2013-01-27T18:02:25.100+00:00,38.839,-122.799,1.8,1.0,Md,,130,,,nc,nc71929741,1359309840551
2013-01-27T17:58:22.400+00:00,18.801,-64.148,39.0,2.2,Md,,342,,,pr,pr13027004,1359320314976
2013-01-27T17:39:25.000+00:00,56.578,-155.606,28.2,2.2,Ml,,198,,,ak,ak10648231,1359674239261
2013-01-27T17:34:09.000+00:00,52.432,-170.574,25.8,2.9,Ml,,202,,,ak,ak10648230,1359674239249
2013-01-27T17:25:55.100+00:00,32.650,-115.932,10.6,1.6,Ml,,76,,,ci,ci15278281,1359307722798
2013-01-27T17:22:55.000+00:00,53.127,-168.769,120.6,2.4,Ml,,202,,,ak,ak10648229,1359674237152
2013-01-27T17:19:12.500+00:00,33.166,-115.626,0.1,1.4,Ml,,58,,,ci,ci15278273,1359679290991
2013-01-27T17:14:25.000+00:00,55.414,-159.468,20.8,1.6,Ml,,227,,,ak,ak10648228,1359674237140
2013-01-27T17:10:36.910+00:00,38.159,-118.012,5.4,2.1,ml,,161,,,nn,nn00401044,1359308549110
2013-01-27T17:09:48.300+00:00,39.548,-121.996,13.4,1.8,Md,,68,,,nc,nc71929701,1359502349547
2013-01-27T17:02:54.000+00:00,34.031,-116.845,23.3,1.2,Ml,,65,,,ci,ci15278249,1359676079495
2013-01-27T17:00:13.500+00:00,44.390,-114.839,9.8,1.8,Md,,122,,,mb,mb13496747,1359594875905
2013-01-27T16:55:05.100+00:00,45.907,-111.370,4.9,1.3,Md,,86,,,mb,mb13102134,1359594875902
2013-01-27T16:49:52.500+00:00,34.020,-117.226,12.6,1.1,Ml,,50,,,ci,ci15278241,1359502138548
2013-01-27T16:42:42.000+00:00,66.788,-143.357,5.4,1.9,Ml,,101,,,ak,ak10648227,1359674237127
2013-01-27T16:35:27.000+00:00,60.321,-152.334,89.3,2.0,Ml,,68,,,ak,ak10645730,1359674236081
2013-01-27T16:21:01.300+00:00,34.012,-117.227,5.0,1.0,Ml,,104,,,ci,ci15278233,1359681725899
2013-01-27T16:12:24.000+00:00,64.711,-139.077,21.6,1.8,Ml,,277,,,ak,ak10648225,1359674237181
2013-01-27T16:12:00.000+00:00,39.634,-110.420,-3.4,1.6,Md,,101,,,uu,uu60011582,1359399412232
2013-01-27T16:11:46.100+00:00,38.225,-122.155,5.5,1.4,Md,,130,,,nc,nc71929676,1359682630805
2013-01-27T16:10:39.000+00:00,64.838,-138.705,7.0,2.2,Ml,,144,,,ak,ak10645728,1359674236070
2013-01-27T15:48:45.600+00:00,34.018,-117.227,11.9,1.0,Ml,,101,,,ci,ci15278225,1359498030250
2013-01-27T15:32:27.100+00:00,46.527,-122.318,21.9,1.1,Md,,54,,,uw,uw60497767,1359315641990
2013-01-27T15:26:25.600+00:00,43.785,-121.339,8.1,1.0,Ml,,158,,,uw,uw60497762,1359314965705
2013-01-27T15:25:48.300+00:00,38.809,-122.812,2.2,1.9,Md,,40,,,nc,nc71929671,1359302348419
2013-01-27T15:23:26.000+00:00,63.320,-148.759,4.0,1.4,Ml,,47,,,ak,ak10645716,1359674236027
2013-01-27T15:18:43.200+00:00,40.193,-121.365,4.5,1.2,Md,,212,,,nc,nc71932556,1359678246286
2013-01-27T15:07:01.000+00:00,58.656,-137.052,2.8,2.0,Ml,,205,,,ak,ak10648221,1359674236108
2013-01-27T14:58:28.000+00:00,54.276,-162.536,8.4,2.1,Ml,,281,,,ak,ak10648220,1359674236097
2013-01-27T14:53:02.100+00:00,34.019,-117.232,11.9,2.2,Ml,,29,,,ci,ci15278209,1359324482645
2013-01-27T14:52:21.000+00:00,61.898,-149.520,47.0,1.2,Ml,,90,,,ak,ak10648219,1359674208950
2013-01-27T14:34:33.489+00:00,-35.597,-108.738,10.0,4.7,mb,,150,,,us,us2013kxau,1359301932775
2013-01-27T14:24:12.701+00:00,4.953,95.850,45.6,4.6,mb,,141,,,us,us2013kxat,1359301383901
2013-01-27T14:23:36.000+00:00,61.693,-151.706,79.0,1.7,Ml,,68,,,ak,ak10648218,1359674208934
2013-01-27T14:18:36.000+00:00,59.928,-152.746,99.5,2.4,Ml,,68,,,ak,ak10645705,1359674206868
2013-01-27T14:09:16.600+00:00,35.450,-118.348,4.3,1.6,Ml,,54,,,ci,ci15278193,1359679661744
2013-01-27T14:02:22.800+00:00,38.816,-122.814,1.3,1.8,Md,,40,,,nc,nc71929641,1359297368552
2013-01-27T13:59:03.000+00:00,60.366,-152.454,84.7,1.8,Ml,,76,,,ak,ak10648214,1359674207918
2013-01-27T13:50:37.060+00:00,-35.163,-108.523,10.0,5.1,mb,,68,,,us,usc000ewe6,1359299209288
2013-01-27T13:44:54.000+00:00,51.518,-174.964,25.6,1.7,Ml,,245,,,ak,ak10648213,1359674207906
2013-01-27T13:31:54.500+00:00,38.812,-122.813,1.7,1.0,Md,,47,,,nc,nc71929626,1359293612273
2013-01-27T13:29:16.400+00:00,45.615,-111.751,6.3,1.2,Md,,104,,,mb,mb13707521,1359594869880
2013-01-27T13:18:30.400+00:00,36.511,-121.038,7.7,1.0,Md,,155,,,nc,nc71929616,1359423354702
2013-01-27T13:07:22.400+00:00,32.167,-115.221,2.6,2.3,Ml,,238,,,ci,ci15278185,1359413573008
2013-01-27T13:02:05.000+00:00,62.542,-151.227,86.0,1.3,Ml,,140,,,ak,ak10648212,1359674207890
2013-01-27T12:51:31.000+00:00,59.331,-153.056,92.8,2.4,Ml,,104,,,ak,ak10645688,1359674335341
2013-01-27T12:39:14.000+00:00,63.591,-147.386,6.1,1.3,Ml,,86,,,ak,ak10645683,1359674205821
2013-01-27T12:35:59.700+00:00,38.834,-122.775,2.5,1.1,Md,,65,,,nc,nc71929596,1359487605633
2013-01-27T12:34:30.100+00:00,19.070,-63.792,9.0,3.2,Md,,324,,,pr,pr13027003,1359295646683
2013-01-27T12:21:35.400+00:00,38.829,-122.852,2.6,1.0,Md,,86,,,nc,nc71929591,1359289398098
2013-01-27T12:07:38.000+00:00,62.161,-149.693,12.1,1.4,Ml,,61,,,ak,ak10645675,1359674204746
2013-01-27T12:05:19.000+00:00,60.889,-138.299,8.3,1.5,Ml,,162,,,ak,ak10645676,1359674204758
2013-01-27T12:00:10.000+00:00,60.185,-151.211,53.2,1.9,Ml,,65,,,ak,ak10645671,1359674203714
2013-01-27T11:47:25.800+00:00,17.985,-65.380,17.0,2.5,Md,,162,,,pr,pr13027002,1359291143798
2013-01-27T11:44:55.000+00:00,58.978,-136.376,0.1,2.0,Ml,,133,,,ak,ak10645669,1359674203702
2013-01-27T11:39:12.610+00:00,32.391,141.845,34.4,4.6,mb,,85,,,us,usc000ewdp,1359288808059
2013-01-27T11:35:14.000+00:00,59.915,-140.146,2.7,2.3,Ml,,155,,,ak,ak10645665,1359674203691
2013-01-27T11:23:23.000+00:00,52.721,-169.580,4.6,3.7,Ml,,202,,,ak,ak10645662,1359674203674
2013-01-27T11:21:25.000+00:00,55.521,-135.445,16.4,2.5,Ml,,238,,,ak,ak10648203,1359674204804
2013-01-27T11:06:44.500+00:00,18.086,-66.073,22.0,3.0,Md,,155,,,pr,pr13027001,1359423003521
2013-01-27T11:01:58.000+00:00,62.164,-148.673,33.3,1.4,Ml,,54,,,ak,ak10648202,1359674204793
2013-01-27T10:57:36.000+00:00,63.187,-152.551,12.7,1.4,Ml,,108,,,ak,ak10648201,1359674204772
2013-01-27T10:56:57.000+00:00,63.164,-151.317,2.8,1.3,Ml,,86,,,ak,ak10645659,1359674203726
2013-01-27T10:51:44.100+00:00,36.013,-120.963,6.5,1.6,Md,,50,,,nc,nc71929581,1359508947549
2013-01-27T10:44:52.000+00:00,52.324,-170.313,35.0,2.5,Ml,,212,,,ak,ak10648199,1359674202652
2013-01-27T10:44:09.000+00:00,63.331,-145.255,3.6,1.2,Ml,,79,,,ak,ak10648198,1359674202641
2013-01-27T10:32:54.600+00:00,36.289,-120.839,8.6,1.5,Md,,104,,,nc,nc71929576,1359509653922
2013-01-27T10:18:10.000+00:00,59.930,-141.157,10.6,1.9,Ml,,173,,,ak,ak10645652,1359674202616
2013-01-27T10:17:59.000+00:00,59.928,-151.317,70.0,1.7,Ml,,,,,ak,ak10645646,1359282139361
2013-01-27T10:17:59.000+00:00,59.882,-151.422,71.6,2.2,Ml,,79,,,ak,ak10645655,1359674202630
2013-01-27T10:16:08.000+00:00,63.336,-145.141,5.0,1.3,Ml,,83,,,ak,ak10645643,1359674201587
2013-01-27T09:59:27.400+00:00,-16.105,-173.240,8.6,5.7,Mwb,,23,,,us,usc000ewcv,1359475965000
2013-01-27T09:55:01.800+00:00,38.843,-122.832,2.3,1.2,Md,,54,,,nc,nc71929561,1359282486855
2013-01-27T09:40:12.000+00:00,60.086,-152.873,110.7,2.2,Ml,,50,,,ak,ak10645635,1359674200559
2013-01-27T09:31:24.900+00:00,34.023,-117.225,12.1,1.0,Ml,,245,,,ci,ci15278169,1359496877919
2013-01-27T09:19:56.000+00:00,60.107,-148.507,3.9,2.0,Ml,,151,,,ak,ak10645632,1359674200543
2013-01-27T09:16:14.000+00:00,61.512,-146.278,23.8,1.4,Ml,,72,,,ak,ak10648192,1359674201574
2013-01-27T09:14:59.900+00:00,38.515,-122.295,1.3,1.8,Md,,76,,,nc,nc71929556,1359415928372
2013-01-27T08:59:09.400+00:00,39.634,-121.984,15.3,1.3,Md,,97,,,nc,nc71929551,1359421629513
2013-01-27T08:48:58.000+00:00,51.657,-178.112,13.1,2.1,Ml,,184,,,ak,ak10645628,1359674199509
2013-01-27T08:46:41.000+00:00,52.325,-175.700,210.6,2.8,Ml,,194,,,ak,ak10645794,1359674201599
2013-01-27T08:45:51.100+00:00,44.443,-111.017,6.4,1.3,Ml,,122,,,uu,uu60011562,1359396746860
2013-01-27T08:42:18.000+00:00,52.024,179.577,168.0,2.7,Ml,,184,,,ak,ak10645626,1359674199493
2013-01-27T08:34:04.000+00:00,62.227,-149.886,12.2,1.3,Ml,,94,,,ak,ak10645621,1359674286393
2013-01-27T08:25:05.400+00:00,32.788,-116.639,18.0,1.7,Ml,,68,,,ci,ci15278145,1359275263469
2013-01-27T08:22:06.779+00:00,39.537,-119.968,6.2,1.5,ml,,66,,,nn,nn00401024,1359305442742
2013-01-27T08:21:46.600+00:00,38.526,-122.657,6.4,1.7,Md,,112,,,nc,nc71929541,1359276906677
2013-01-27T08:03:59.000+00:00,62.938,-148.833,9.7,1.0,Ml,,79,,,ak,ak10645612,1359674197332
2013-01-27T07:46:59.880+00:00,-58.834,-25.221,35.0,4.7,mb,,90,,,us,usc000ewc9,1359276224016
2013-01-27T07:28:36.000+00:00,60.653,-151.045,54.1,1.6,Ml,,79,,,ak,ak10648184,1359674198477
2013-01-27T07:24:33.380+00:00,-58.757,-25.229,35.0,4.7,mb,,85,,,us,usc000ewc1,1359274657917
2013-01-27T07:21:36.500+00:00,32.899,-116.265,7.1,1.7,Ml,,47,,,ci,ci15278137,1359271479813
2013-01-27T07:17:46.000+00:00,52.861,-167.841,33.3,1.8,Ml,,241,,,ak,ak10648183,1359674198466
2013-01-27T07:09:16.000+00:00,51.593,-178.052,12.9,1.3,Ml,,191,,,ak,ak10645604,1359674197307
2013-01-27T06:56:17.000+00:00,58.836,-154.491,125.3,2.4,Ml,,122,,,ak,ak10648181,1359674198452
2013-01-27T06:55:59.000+00:00,19.336,-155.144,4.8,2.3,Ml,,104,,,hv,hv60459571,1359270108277
2013-01-27T06:45:49.879+00:00,38.524,-118.155,8.5,1.4,ml,,175,,,nn,nn00401021,1359311489923
2013-01-27T06:28:14.000+00:00,62.085,-150.566,4.1,1.4,Ml,,54,,,ak,ak10645597,1359674197290
2013-01-27T06:21:35.000+00:00,51.257,-177.878,25.5,1.5,Ml,,259,,,ak,ak10648179,1359674198440
2013-01-27T06:20:29.300+00:00,38.826,-122.826,2.7,1.3,Md,,50,,,nc,nc71929516,1359268751901
2013-01-27T06:16:16.619+00:00,38.538,-118.155,5.4,1.6,ml,,174,,,nn,nn00401018,1359310241055
2013-01-27T06:15:28.500+00:00,34.023,-117.227,12.1,1.2,Ml,,65,,,ci,ci15278105,1359678504403
2013-01-27T06:14:37.200+00:00,38.819,-122.763,2.1,1.2,Md,,47,,,nc,nc71929511,1359270189508
2013-01-27T06:14:36.200+00:00,34.020,-117.229,12.8,1.7,Ml,,32,,,ci,ci15278097,1359678248880
2013-01-27T06:05:24.000+00:00,52.051,-175.992,223.4,1.9,Ml,,122,,,ak,ak10648178,1359674198429
2013-01-27T06:00:41.600+00:00,34.019,-117.230,12.7,1.6,H,,29,,,ci,ci15278073,1359676610574
2013-01-27T05:57:24.000+00:00,62.612,-152.363,12.6,1.3,Ml,,94,,,ak,ak10648177,1359674198416
2013-01-27T05:54:00.500+00:00,34.018,-117.227,12.4,1.0,Ml,,50,,,ci,ci15278041,1359491877817
2013-01-27T05:45:13.900+00:00,34.020,-117.231,12.3,1.0,Ml,,58,,,ci,ci15278033,1359485915755
2013-01-27T05:42:20.800+00:00,34.021,-117.229,12.5,1.6,Ml,,50,,,ci,ci15278025,1359675608547
2013-01-27T05:40:26.000+00:00,60.604,-152.554,15.0,1.2,Ml,,90,,,ak,ak10645582,1359674196270
2013-01-27T05:35:42.000+00:00,63.025,-149.301,81.2,1.1,Ml,,79,,,ak,ak10648175,1359674197399
2013-01-27T05:31:56.000+00:00,19.198,-155.518,38.4,1.9,Md,,209,,,hv,hv60459556,1359264823610
2013-01-27T05:18:33.000+00:00,51.425,-174.149,4.4,2.0,Ml,,281,,,ak,ak10645580,1359674196256
2013-01-27T05:11:23.000+00:00,58.596,-153.671,77.2,2.3,Ml,,94,,,ak,ak10648173,1359674197376
2013-01-27T05:06:48.000+00:00,31.503,103.378,21.8,4.3,mb,,58,,,us,usc000ewba,1359266199013
2013-01-27T05:03:01.600+00:00,38.829,-122.807,1.0,1.4,Md,,43,,,nc,nc71929481,1359266046999
2013-01-27T04:59:04.100+00:00,36.038,-117.343,8.3,1.3,Ml,,137,,,ci,ci15278017,1359674686660
2013-01-27T04:55:09.000+00:00,65.237,-149.516,4.6,1.0,Ml,,104,,,ak,ak10645573,1359674195848
2013-01-27T04:51:48.200+00:00,39.547,-122.004,14.1,1.9,Md,,50,,,nc,nc71929476,1359503173875
2013-01-27T04:45:26.367+00:00,37.195,-114.581,0.4,1.9,ml,,130,,,nn,nn00401016,1359307413841
2013-01-27T04:44:23.000+00:00,53.658,-165.793,30.1,1.8,Ml,,252,,,ak,ak10645569,1359674195832
2013-01-27T04:41:17.000+00:00,54.544,-161.411,8.4,2.0,Ml,,245,,,ak,ak10645568,1359674194817
2013-01-27T04:35:45.000+00:00,52.176,-175.844,240.8,2.1,Ml,,184,,,ak,ak10645566,1359674143695
2013-01-27T04:16:47.000+00:00,62.102,-150.666,54.7,1.6,Ml,,86,,,ak,ak10645564,1359674143674
2013-01-27T04:15:57.400+00:00,19.407,-155.264,14.5,2.3,Ml,,43,,,hv,hv60459531,1359260505836
2013-01-27T04:14:35.000+00:00,63.485,-150.852,7.0,1.4,Ml,,54,,,ak,ak10645555,1359674143663
2013-01-27T04:07:44.400+00:00,32.912,-116.238,10.4,1.0,Ml,,104,,,ci,ci15278009,1359673188650
2013-01-27T04:05:42.480+00:00,-5.170,102.940,58.1,5.0,mb,,102,,,us,usc000ewb3,1359284886902
2013-01-27T03:54:27.400+00:00,35.570,-118.532,1.5,1.6,Ml,,50,,,ci,ci15278001,1359672837936
2013-01-27T03:50:13.100+00:00,19.296,-155.380,4.1,1.7,Md,,108,,,hv,hv60459521,1359258700552
2013-01-27T03:47:27.000+00:00,51.405,-175.898,20.9,1.8,Ml,,241,,,ak,ak10645550,1359674143645
2013-01-27T03:43:56.100+00:00,19.925,-155.537,21.1,3.2,Ml,,122,,,hv,hv60459516,1359418105135
2013-01-27T03:40:08.000+00:00,51.894,-173.628,17.8,2.0,Ml,,306,,,ak,ak10645545,1359674142627
2013-01-27T03:35:50.000+00:00,63.454,-150.056,113.0,1.2,Ml,,104,,,ak,ak10648163,1359674144756
2013-01-27T03:25:17.000+00:00,62.158,-149.650,52.3,1.6,Ml,,43,,,ak,ak10645533,1359674142612
2013-01-27T03:18:17.000+00:00,63.296,-149.054,6.3,2.0,Ml,,36,,,ak,ak10645528,1359674142570
2013-01-27T03:17:57.990+00:00,34.293,-106.709,5.0,2.9,ML,,56,,,us,usc000ewax,1359259628944
2013-01-27T02:47:04.000+00:00,33.630,-116.688,17.1,1.1,Ml,,32,,,ci,ci15277993,1359597561144
2013-01-27T02:24:30.700+00:00,37.580,-122.501,6.9,1.2,Md,,198,,,nc,nc71929446,1359506952235
2013-01-27T01:55:51.100+00:00,36.824,-121.555,5.4,2.8,Md,,36,,,nc,nc71929426,1359411382010
2013-01-27T01:38:24.300+00:00,44.731,-110.381,6.0,1.0,Md,,263,,,uu,uu60011542,1359661605337
2013-01-27T01:37:38.000+00:00,62.436,-149.111,5.1,1.1,Ml,,72,,,ak,ak10648160,1359674144744
2013-01-27T01:32:20.600+00:00,37.638,-119.377,7.2,1.1,Md,,144,,,nc,nc71929416,1359404572869
2013-01-27T01:23:15.300+00:00,38.787,-122.763,1.2,1.5,Md,,40,,,nc,nc71929411,1359251585670
2013-01-27T01:12:56.700+00:00,40.580,-122.304,18.3,1.5,Md,,58,,,nc,nc71932546,1359679449613
2013-01-27T00:56:30.000+00:00,63.841,-148.854,112.2,1.3,Ml,,50,,,ak,ak10648159,1359674144728
2013-01-27T00:56:18.530+00:00,-44.635,37.434,15.2,4.8,mb,,64,,,us,usc000ewag,1359249671167
2013-01-27T00:34:27.300+00:00,19.346,-155.089,6.9,2.5,Ml,,158,,,hv,hv60459466,1359247214853
2013-01-27T00:29:54.000+00:00,18.003,-65.618,18.0,2.4,Md,,270,,,pr,pr13027000,1359249062437
2013-01-27T00:27:18.220+00:00,-9.529,121.891,59.5,4.9,mb,,69,,,us,usc000ewaa,1359247710837
2013-01-27T00:25:41.000+00:00,60.514,-150.897,15.4,1.4,Ml,,61,,,ak,ak10648158,1359674144715
2013-01-27T00:24:22.600+00:00,36.298,-120.875,5.1,1.1,Md,,76,,,nc,nc71929386,1359515360173
2013-01-27T00:19:48.000+00:00,51.589,-178.412,13.2,2.1,Ml,,187,,,ak,ak10645505,1359674142543
2013-01-27T00:04:28.000+00:00,60.179,-150.495,45.1,2.4,Ml,,108,,,ak,ak10645501,1359674142527
2013-01-27T00:04:15.000+00:00,61.591,-151.712,103.3,2.3,Ml,,47,,,ak,ak10645497,1359674141509
2013-01-26T23:01:23.000+00:00,60.144,-153.355,123.0,2.2,Ml,,140,,,ak,ak10647325,1359580506383
2013-01-26T22:47:33.000+00:00,63.281,-152.389,13.1,1.4,Ml,,104,,,ak,ak10645491,1359580498939
2013-01-26T22:37:53.000+00:00,54.561,-161.774,20.6,1.5,Ml,,281,,,ak,ak10647323,1359580505366
2013-01-26T22:20:18.000+00:00,53.028,-166.938,25.4,2.3,Ml,,227,,,ak,ak10645490,1359580498978
2013-01-26T22:13:21.733+00:00,38.156,-118.031,,1.6,ml,,223,,,nn,nn00400996,1359317729329
2013-01-26T22:09:24.900+00:00,32.927,-116.303,5.1,1.8,Ml,,68,,,ci,ci15277945,1359238307914
2013-01-26T22:07:22.000+00:00,55.701,-160.508,97.1,1.8,Ml,,155,,,ak,ak10647321,1359580505354
2013-01-26T22:01:24.400+00:00,38.062,-118.948,9.2,1.9,Md,,101,,,nc,nc71929331,1359602048954
2013-01-26T21:58:53.000+00:00,53.163,-168.552,6.6,1.9,Ml,,187,,,ak,ak10647320,1359580505321
2013-01-26T21:56:03.000+00:00,62.340,-150.937,69.3,1.5,Ml,,65,,,ak,ak10647319,1359580505307
2013-01-26T21:54:11.300+00:00,38.788,-122.762,1.6,1.0,Md,,61,,,nc,nc71929326,1359237345513
2013-01-26T21:42:47.000+00:00,51.898,-171.537,25.6,2.4,Ml,,216,,,ak,ak10647318,1359580505335
2013-01-26T21:38:24.910+00:00,38.148,-117.985,6.1,1.4,ml,,202,,,nn,nn00400985,1359317602757
2013-01-26T21:19:45.000+00:00,51.655,-175.963,52.3,1.3,Ml,,220,,,ak,ak10645479,1359580498964
2013-01-26T21:17:11.000+00:00,58.995,-152.959,67.9,2.3,Ml,,119,,,ak,ak10647316,1359580504288
2013-01-26T21:14:53.000+00:00,53.528,-165.123,15.3,1.9,Ml,,263,,,ak,ak10647315,1359580504274
2013-01-26T21:02:43.000+00:00,60.171,-152.456,90.7,2.2,Ml,,50,,,ak,ak10645476,1359580503228
2013-01-26T21:01:43.000+00:00,51.460,-177.733,38.9,1.4,Ml,,270,,,ak,ak10645475,1359580498950
2013-01-26T20:38:03.500+00:00,33.167,-116.429,14.3,1.5,Ml,,130,,,ci,ci15277913,1359232862423
2013-01-26T20:33:08.500+00:00,33.017,-116.445,11.0,1.3,Ml,,122,,,ci,ci15277897,1359232551825
2013-01-26T20:25:37.100+00:00,35.293,-92.308,7.0,2.0,Md,,61,,,nm,nm012813b,1359387023878
2013-01-26T20:16:47.500+00:00,34.343,-116.878,,1.0,Ml,,83,,,ci,ci15277889,1359484031957
2013-01-26T19:52:53.700+00:00,34.333,-116.881,,1.1,Ml,,144,,,ci,ci15277873,1359483656201
2013-01-26T19:23:34.800+00:00,38.797,-122.780,3.9,1.9,Md,,40,,,nc,nc71929286,1359231007880
2013-01-26T19:16:20.800+00:00,37.688,-112.394,4.1,1.2,Md,,104,,,uu,uu60011502,1359398887163
2013-01-26T19:12:54.000+00:00,63.423,-145.992,3.2,1.3,Ml,,72,,,ak,ak10645462,1359580502171
2013-01-26T19:09:12.000+00:00,51.360,178.504,40.8,2.1,Ml,,274,,,ak,ak10647309,1359580503215
2013-01-26T18:52:09.000+00:00,40.157,-123.849,23.3,1.8,Md,,72,,,nc,nc71929281,1359588489936
2013-01-26T18:50:04.000+00:00,51.676,-174.811,15.9,1.4,Ml,,245,,,ak,ak10647308,1359580503202
2013-01-26T18:39:24.300+00:00,37.173,-122.360,10.6,2.6,Md,,169,,,nc,nc71929271,1359701624337
2013-01-26T18:27:07.000+00:00,62.914,-149.010,16.5,1.1,Ml,,68,,,ak,ak10645457,1359580502158
2013-01-26T18:24:12.900+00:00,36.146,-120.248,7.6,1.5,Md,,281,,,nc,nc71929266,1359511932855
2013-01-26T18:14:32.000+00:00,54.663,-160.927,13.2,1.6,Ml,,259,,,ak,ak10647306,1359580502185
2013-01-26T17:56:46.800+00:00,33.042,-116.440,9.8,1.7,Ml,,29,,,ci,ci15277849,1359682452362
2013-01-26T17:51:08.400+00:00,36.273,-120.837,7.7,1.8,Md,,130,,,nc,nc71929251,1359509348336
2013-01-26T17:49:43.000+00:00,36.268,-120.842,7.6,3.4,Mw,,61,,,nc,nc71929246,1359594131796
2013-01-26T17:46:13.400+00:00,36.737,-121.406,7.2,1.4,Md,,32,,,nc,nc71929236,1359518530572
2013-01-26T17:31:13.290+00:00,5.486,127.048,119.7,5.0,mb,,101,,,us,usc000ew2h,1359222744347
2013-01-26T17:29:33.000+00:00,60.081,-152.659,93.0,1.4,Ml,,108,,,ak,ak10647305,1359580502147
2013-01-26T16:59:55.100+00:00,36.271,-120.841,7.5,2.0,Md,,83,,,nc,nc71929201,1359417487162
2013-01-26T16:52:03.400+00:00,38.795,-122.806,3.1,1.3,Md,,65,,,nc,nc71929191,1359220989690
2013-01-26T16:25:05.540+00:00,64.372,-130.811,10.0,3.8,mb,,79,,,us,usc000evyz,1359221287856
2013-01-26T16:12:44.000+00:00,51.379,179.510,51.6,3.4,Ml,,191,,,ak,ak10645421,1359580501093
2013-01-26T15:58:40.668+00:00,38.946,-118.696,14.1,1.4,ml,,78,,,nn,nn00400967,1359408064005
2013-01-26T15:49:21.000+00:00,54.243,-165.332,77.4,2.2,Ml,,176,,,ak,ak10645414,1359580501069
2013-01-26T15:41:16.740+00:00,39.749,77.303,35.3,4.8,mb,,150,,,us,usc000evx5,1359218319987
2013-01-26T15:22:49.800+00:00,36.076,-120.647,2.0,1.1,Md,,68,,,nc,nc71929161,1359502652849
2013-01-26T15:10:53.600+00:00,38.838,-122.849,1.3,1.4,Md,,76,,,nc,nc71929156,1359214928624
2013-01-26T15:10:51.390+00:00,38.295,46.814,18.4,4.8,mb,,96,,,us,usc000evwx,1359219792502
2013-01-26T15:10:00.700+00:00,47.882,-121.653,8.8,1.7,Md,,76,,,uw,uw60497617,1359595459008
2013-01-26T15:08:21.986+00:00,38.521,-119.400,1.1,1.4,ml,,144,,,nn,nn00400963,1359217764038
2013-01-26T15:07:24.000+00:00,63.560,-147.400,6.6,1.1,Ml,,79,,,ak,ak10647302,1359580502133
2013-01-26T14:34:28.642+00:00,38.515,-119.420,4.0,1.2,ml,,124,,,nn,nn00400962,1359217473063
2013-01-26T14:32:26.000+00:00,62.362,-149.095,4.6,1.2,Ml,,76,,,ak,ak10645400,1359580500053
2013-01-26T14:20:57.000+00:00,58.923,-154.351,125.4,2.3,Ml,,119,,,ak,ak10647300,1359580501117
2013-01-26T14:11:24.200+00:00,33.377,-116.841,9.5,1.1,Ml,,68,,,ci,ci15277745,1359209660131
2013-01-26T14:04:25.600+00:00,35.487,-118.292,7.2,1.6,Ml,,47,,,ci,ci15277737,1359681410262
2013-01-26T14:02:40.800+00:00,36.078,-117.875,0.9,2.3,Ml,,54,,,ci,ci15277729,1359678379147
2013-01-26T14:00:34.400+00:00,32.581,-115.701,8.9,1.6,Ml,,144,,,ci,ci15277713,1359209009790
2013-01-26T13:23:57.000+00:00,62.075,-145.262,22.2,1.8,Ml,,108,,,ak,ak10645390,1359580500038
2013-01-26T13:10:38.700+00:00,39.818,-123.625,6.3,3.5,Mw,,108,,,nc,nc71929141,1359591069885
2013-01-26T12:52:13.100+00:00,34.042,-117.251,19.9,1.3,Ml,,61,,,ci,ci15277697,1359204891519
2013-01-26T12:46:43.700+00:00,38.817,-122.816,2.5,1.9,Md,,40,,,nc,nc71929131,1359489492516
2013-01-26T12:46:43.700+00:00,38.817,-122.815,2.7,2.0,Md,,40,,,nc,nc71929126,1359206287990
2013-01-26T12:34:08.200+00:00,38.821,-122.764,2.4,1.0,Md,,50,,,nc,nc71929121,1359203745480
2013-01-26T12:10:44.900+00:00,35.561,-120.811,4.8,1.4,Md,,50,,,nc,nc71929106,1359510374829
2013-01-26T12:00:51.000+00:00,51.499,-178.138,10.0,2.9,Ml,,194,,,ak,ak10645378,1359580500026
2013-01-26T11:59:36.000+00:00,53.233,-165.482,25.0,2.0,Ml,,274,,,ak,ak10647297,1359580501105
